id,state_id,cases,date
0,1,0,2020-01-12
1,2,0,2020-01-12
2,3,0,2020-01-12
3,4,0,2020-01-12
4,7,0,2020-01-12
5,8,0,2020-01-12
6,9,0,2020-01-12
7,5,0,2020-01-12
8,6,0,2020-01-12
9,10,0,2020-01-12
10,11,0,2020-01-12
11,12,0,2020-01-12
12,13,0,2020-01-12
13,14,0,2020-01-12
14,15,0,2020-01-12
15,16,0,2020-01-12
16,17,0,2020-01-12
17,18,0,2020-01-12
18,19,0,2020-01-12
19,20,0,2020-01-12
20,21,0,2020-01-12
21,22,0,2020-01-12
22,23,0,2020-01-12
23,24,0,2020-01-12
24,25,0,2020-01-12
25,26,0,2020-01-12
26,27,0,2020-01-12
27,28,0,2020-01-12
28,29,0,2020-01-12
29,30,0,2020-01-12
30,31,0,2020-01-12
31,32,0,2020-01-12
32,0,0,2020-01-12
33,1,0,2020-01-13
34,2,0,2020-01-13
35,3,0,2020-01-13
36,4,0,2020-01-13
37,7,0,2020-01-13
38,8,0,2020-01-13
39,9,0,2020-01-13
40,5,0,2020-01-13
41,6,0,2020-01-13
42,10,0,2020-01-13
43,11,0,2020-01-13
44,12,0,2020-01-13
45,13,0,2020-01-13
46,14,0,2020-01-13
47,15,0,2020-01-13
48,16,0,2020-01-13
49,17,0,2020-01-13
50,18,0,2020-01-13
51,19,1,2020-01-13
52,20,0,2020-01-13
53,21,0,2020-01-13
54,22,0,2020-01-13
55,23,0,2020-01-13
56,24,0,2020-01-13
57,25,0,2020-01-13
58,26,0,2020-01-13
59,27,0,2020-01-13
60,28,0,2020-01-13
61,29,0,2020-01-13
62,30,0,2020-01-13
63,31,0,2020-01-13
64,32,0,2020-01-13
65,0,1,2020-01-13
66,1,1,2020-01-14
67,2,0,2020-01-14
68,3,0,2020-01-14
69,4,0,2020-01-14
70,7,0,2020-01-14
71,8,0,2020-01-14
72,9,0,2020-01-14
73,5,0,2020-01-14
74,6,0,2020-01-14
75,10,0,2020-01-14
76,11,0,2020-01-14
77,12,0,2020-01-14
78,13,0,2020-01-14
79,14,0,2020-01-14
80,15,0,2020-01-14
81,16,0,2020-01-14
82,17,0,2020-01-14
83,18,0,2020-01-14
84,19,0,2020-01-14
85,20,0,2020-01-14
86,21,0,2020-01-14
87,22,0,2020-01-14
88,23,0,2020-01-14
89,24,0,2020-01-14
90,25,0,2020-01-14
91,26,0,2020-01-14
92,27,0,2020-01-14
93,28,0,2020-01-14
94,29,0,2020-01-14
95,30,0,2020-01-14
96,31,0,2020-01-14
97,32,0,2020-01-14
98,0,1,2020-01-14
99,1,0,2020-01-15
100,2,0,2020-01-15
101,3,0,2020-01-15
102,4,0,2020-01-15
103,7,0,2020-01-15
104,8,0,2020-01-15
105,9,0,2020-01-15
106,5,0,2020-01-15
107,6,0,2020-01-15
108,10,0,2020-01-15
109,11,0,2020-01-15
110,12,0,2020-01-15
111,13,0,2020-01-15
112,14,0,2020-01-15
113,15,0,2020-01-15
114,16,0,2020-01-15
115,17,0,2020-01-15
116,18,0,2020-01-15
117,19,0,2020-01-15
118,20,0,2020-01-15
119,21,0,2020-01-15
120,22,0,2020-01-15
121,23,0,2020-01-15
122,24,0,2020-01-15
123,25,0,2020-01-15
124,26,0,2020-01-15
125,27,0,2020-01-15
126,28,0,2020-01-15
127,29,0,2020-01-15
128,30,0,2020-01-15
129,31,0,2020-01-15
130,32,0,2020-01-15
131,0,0,2020-01-15
132,1,0,2020-01-16
133,2,0,2020-01-16
134,3,0,2020-01-16
135,4,0,2020-01-16
136,7,0,2020-01-16
137,8,0,2020-01-16
138,9,0,2020-01-16
139,5,0,2020-01-16
140,6,0,2020-01-16
141,10,0,2020-01-16
142,11,0,2020-01-16
143,12,0,2020-01-16
144,13,0,2020-01-16
145,14,0,2020-01-16
146,15,0,2020-01-16
147,16,0,2020-01-16
148,17,0,2020-01-16
149,18,0,2020-01-16
150,19,0,2020-01-16
151,20,0,2020-01-16
152,21,0,2020-01-16
153,22,0,2020-01-16
154,23,0,2020-01-16
155,24,0,2020-01-16
156,25,0,2020-01-16
157,26,0,2020-01-16
158,27,0,2020-01-16
159,28,0,2020-01-16
160,29,0,2020-01-16
161,30,0,2020-01-16
162,31,0,2020-01-16
163,32,0,2020-01-16
164,0,0,2020-01-16
165,1,0,2020-01-17
166,2,0,2020-01-17
167,3,0,2020-01-17
168,4,0,2020-01-17
169,7,0,2020-01-17
170,8,0,2020-01-17
171,9,0,2020-01-17
172,5,0,2020-01-17
173,6,0,2020-01-17
174,10,0,2020-01-17
175,11,0,2020-01-17
176,12,0,2020-01-17
177,13,0,2020-01-17
178,14,0,2020-01-17
179,15,0,2020-01-17
180,16,0,2020-01-17
181,17,0,2020-01-17
182,18,0,2020-01-17
183,19,0,2020-01-17
184,20,0,2020-01-17
185,21,0,2020-01-17
186,22,0,2020-01-17
187,23,0,2020-01-17
188,24,0,2020-01-17
189,25,0,2020-01-17
190,26,0,2020-01-17
191,27,0,2020-01-17
192,28,0,2020-01-17
193,29,0,2020-01-17
194,30,0,2020-01-17
195,31,0,2020-01-17
196,32,0,2020-01-17
197,0,0,2020-01-17
198,1,0,2020-01-18
199,2,0,2020-01-18
200,3,0,2020-01-18
201,4,0,2020-01-18
202,7,0,2020-01-18
203,8,0,2020-01-18
204,9,0,2020-01-18
205,5,0,2020-01-18
206,6,0,2020-01-18
207,10,0,2020-01-18
208,11,0,2020-01-18
209,12,0,2020-01-18
210,13,0,2020-01-18
211,14,0,2020-01-18
212,15,0,2020-01-18
213,16,0,2020-01-18
214,17,0,2020-01-18
215,18,0,2020-01-18
216,19,0,2020-01-18
217,20,0,2020-01-18
218,21,0,2020-01-18
219,22,0,2020-01-18
220,23,0,2020-01-18
221,24,0,2020-01-18
222,25,0,2020-01-18
223,26,0,2020-01-18
224,27,0,2020-01-18
225,28,0,2020-01-18
226,29,0,2020-01-18
227,30,0,2020-01-18
228,31,0,2020-01-18
229,32,0,2020-01-18
230,0,0,2020-01-18
231,1,0,2020-01-19
232,2,0,2020-01-19
233,3,0,2020-01-19
234,4,0,2020-01-19
235,7,0,2020-01-19
236,8,0,2020-01-19
237,9,0,2020-01-19
238,5,0,2020-01-19
239,6,0,2020-01-19
240,10,0,2020-01-19
241,11,0,2020-01-19
242,12,0,2020-01-19
243,13,0,2020-01-19
244,14,0,2020-01-19
245,15,0,2020-01-19
246,16,0,2020-01-19
247,17,0,2020-01-19
248,18,0,2020-01-19
249,19,0,2020-01-19
250,20,0,2020-01-19
251,21,0,2020-01-19
252,22,0,2020-01-19
253,23,0,2020-01-19
254,24,0,2020-01-19
255,25,0,2020-01-19
256,26,0,2020-01-19
257,27,0,2020-01-19
258,28,0,2020-01-19
259,29,0,2020-01-19
260,30,0,2020-01-19
261,31,0,2020-01-19
262,32,0,2020-01-19
263,0,0,2020-01-19
264,1,0,2020-01-20
265,2,0,2020-01-20
266,3,0,2020-01-20
267,4,0,2020-01-20
268,7,0,2020-01-20
269,8,0,2020-01-20
270,9,0,2020-01-20
271,5,0,2020-01-20
272,6,0,2020-01-20
273,10,0,2020-01-20
274,11,0,2020-01-20
275,12,0,2020-01-20
276,13,0,2020-01-20
277,14,0,2020-01-20
278,15,0,2020-01-20
279,16,0,2020-01-20
280,17,0,2020-01-20
281,18,0,2020-01-20
282,19,0,2020-01-20
283,20,0,2020-01-20
284,21,0,2020-01-20
285,22,0,2020-01-20
286,23,0,2020-01-20
287,24,0,2020-01-20
288,25,0,2020-01-20
289,26,0,2020-01-20
290,27,0,2020-01-20
291,28,0,2020-01-20
292,29,0,2020-01-20
293,30,0,2020-01-20
294,31,0,2020-01-20
295,32,0,2020-01-20
296,0,0,2020-01-20
297,1,0,2020-01-21
298,2,0,2020-01-21
299,3,0,2020-01-21
300,4,0,2020-01-21
301,7,0,2020-01-21
302,8,0,2020-01-21
303,9,0,2020-01-21
304,5,0,2020-01-21
305,6,0,2020-01-21
306,10,0,2020-01-21
307,11,0,2020-01-21
308,12,0,2020-01-21
309,13,0,2020-01-21
310,14,0,2020-01-21
311,15,0,2020-01-21
312,16,0,2020-01-21
313,17,0,2020-01-21
314,18,0,2020-01-21
315,19,0,2020-01-21
316,20,0,2020-01-21
317,21,0,2020-01-21
318,22,0,2020-01-21
319,23,0,2020-01-21
320,24,0,2020-01-21
321,25,0,2020-01-21
322,26,0,2020-01-21
323,27,0,2020-01-21
324,28,0,2020-01-21
325,29,0,2020-01-21
326,30,0,2020-01-21
327,31,0,2020-01-21
328,32,0,2020-01-21
329,0,0,2020-01-21
330,1,0,2020-01-22
331,2,0,2020-01-22
332,3,0,2020-01-22
333,4,0,2020-01-22
334,7,0,2020-01-22
335,8,0,2020-01-22
336,9,0,2020-01-22
337,5,0,2020-01-22
338,6,0,2020-01-22
339,10,0,2020-01-22
340,11,0,2020-01-22
341,12,0,2020-01-22
342,13,0,2020-01-22
343,14,0,2020-01-22
344,15,0,2020-01-22
345,16,0,2020-01-22
346,17,0,2020-01-22
347,18,0,2020-01-22
348,19,0,2020-01-22
349,20,0,2020-01-22
350,21,0,2020-01-22
351,22,0,2020-01-22
352,23,0,2020-01-22
353,24,0,2020-01-22
354,25,0,2020-01-22
355,26,0,2020-01-22
356,27,0,2020-01-22
357,28,0,2020-01-22
358,29,0,2020-01-22
359,30,0,2020-01-22
360,31,0,2020-01-22
361,32,0,2020-01-22
362,0,0,2020-01-22
363,1,0,2020-01-23
364,2,0,2020-01-23
365,3,0,2020-01-23
366,4,0,2020-01-23
367,7,0,2020-01-23
368,8,0,2020-01-23
369,9,0,2020-01-23
370,5,0,2020-01-23
371,6,0,2020-01-23
372,10,0,2020-01-23
373,11,0,2020-01-23
374,12,0,2020-01-23
375,13,0,2020-01-23
376,14,0,2020-01-23
377,15,0,2020-01-23
378,16,0,2020-01-23
379,17,0,2020-01-23
380,18,0,2020-01-23
381,19,0,2020-01-23
382,20,0,2020-01-23
383,21,0,2020-01-23
384,22,0,2020-01-23
385,23,0,2020-01-23
386,24,0,2020-01-23
387,25,0,2020-01-23
388,26,0,2020-01-23
389,27,0,2020-01-23
390,28,0,2020-01-23
391,29,0,2020-01-23
392,30,0,2020-01-23
393,31,0,2020-01-23
394,32,0,2020-01-23
395,0,0,2020-01-23
396,1,0,2020-01-24
397,2,0,2020-01-24
398,3,0,2020-01-24
399,4,0,2020-01-24
400,7,0,2020-01-24
401,8,0,2020-01-24
402,9,0,2020-01-24
403,5,0,2020-01-24
404,6,0,2020-01-24
405,10,0,2020-01-24
406,11,0,2020-01-24
407,12,0,2020-01-24
408,13,0,2020-01-24
409,14,0,2020-01-24
410,15,0,2020-01-24
411,16,0,2020-01-24
412,17,0,2020-01-24
413,18,0,2020-01-24
414,19,0,2020-01-24
415,20,0,2020-01-24
416,21,0,2020-01-24
417,22,0,2020-01-24
418,23,0,2020-01-24
419,24,0,2020-01-24
420,25,0,2020-01-24
421,26,0,2020-01-24
422,27,0,2020-01-24
423,28,0,2020-01-24
424,29,0,2020-01-24
425,30,0,2020-01-24
426,31,0,2020-01-24
427,32,0,2020-01-24
428,0,0,2020-01-24
429,1,0,2020-01-25
430,2,0,2020-01-25
431,3,0,2020-01-25
432,4,0,2020-01-25
433,7,0,2020-01-25
434,8,0,2020-01-25
435,9,0,2020-01-25
436,5,0,2020-01-25
437,6,0,2020-01-25
438,10,0,2020-01-25
439,11,0,2020-01-25
440,12,0,2020-01-25
441,13,0,2020-01-25
442,14,0,2020-01-25
443,15,0,2020-01-25
444,16,0,2020-01-25
445,17,0,2020-01-25
446,18,0,2020-01-25
447,19,0,2020-01-25
448,20,0,2020-01-25
449,21,0,2020-01-25
450,22,0,2020-01-25
451,23,0,2020-01-25
452,24,0,2020-01-25
453,25,0,2020-01-25
454,26,0,2020-01-25
455,27,0,2020-01-25
456,28,0,2020-01-25
457,29,0,2020-01-25
458,30,0,2020-01-25
459,31,0,2020-01-25
460,32,0,2020-01-25
461,0,0,2020-01-25
462,1,0,2020-01-26
463,2,0,2020-01-26
464,3,0,2020-01-26
465,4,0,2020-01-26
466,7,0,2020-01-26
467,8,0,2020-01-26
468,9,0,2020-01-26
469,5,0,2020-01-26
470,6,0,2020-01-26
471,10,0,2020-01-26
472,11,0,2020-01-26
473,12,0,2020-01-26
474,13,0,2020-01-26
475,14,0,2020-01-26
476,15,0,2020-01-26
477,16,0,2020-01-26
478,17,0,2020-01-26
479,18,0,2020-01-26
480,19,0,2020-01-26
481,20,0,2020-01-26
482,21,0,2020-01-26
483,22,0,2020-01-26
484,23,0,2020-01-26
485,24,0,2020-01-26
486,25,0,2020-01-26
487,26,0,2020-01-26
488,27,0,2020-01-26
489,28,0,2020-01-26
490,29,0,2020-01-26
491,30,0,2020-01-26
492,31,0,2020-01-26
493,32,0,2020-01-26
494,0,0,2020-01-26
495,1,0,2020-01-27
496,2,0,2020-01-27
497,3,0,2020-01-27
498,4,0,2020-01-27
499,7,0,2020-01-27
500,8,0,2020-01-27
501,9,0,2020-01-27
502,5,0,2020-01-27
503,6,0,2020-01-27
504,10,0,2020-01-27
505,11,0,2020-01-27
506,12,0,2020-01-27
507,13,0,2020-01-27
508,14,0,2020-01-27
509,15,0,2020-01-27
510,16,0,2020-01-27
511,17,0,2020-01-27
512,18,0,2020-01-27
513,19,0,2020-01-27
514,20,0,2020-01-27
515,21,0,2020-01-27
516,22,0,2020-01-27
517,23,0,2020-01-27
518,24,0,2020-01-27
519,25,0,2020-01-27
520,26,0,2020-01-27
521,27,0,2020-01-27
522,28,0,2020-01-27
523,29,0,2020-01-27
524,30,0,2020-01-27
525,31,0,2020-01-27
526,32,0,2020-01-27
527,0,0,2020-01-27
528,1,0,2020-01-28
529,2,0,2020-01-28
530,3,0,2020-01-28
531,4,0,2020-01-28
532,7,0,2020-01-28
533,8,0,2020-01-28
534,9,0,2020-01-28
535,5,1,2020-01-28
536,6,0,2020-01-28
537,10,0,2020-01-28
538,11,0,2020-01-28
539,12,0,2020-01-28
540,13,0,2020-01-28
541,14,0,2020-01-28
542,15,0,2020-01-28
543,16,0,2020-01-28
544,17,0,2020-01-28
545,18,0,2020-01-28
546,19,0,2020-01-28
547,20,0,2020-01-28
548,21,0,2020-01-28
549,22,0,2020-01-28
550,23,0,2020-01-28
551,24,0,2020-01-28
552,25,0,2020-01-28
553,26,0,2020-01-28
554,27,0,2020-01-28
555,28,0,2020-01-28
556,29,0,2020-01-28
557,30,0,2020-01-28
558,31,0,2020-01-28
559,32,0,2020-01-28
560,0,1,2020-01-28
561,1,0,2020-01-29
562,2,0,2020-01-29
563,3,0,2020-01-29
564,4,0,2020-01-29
565,7,0,2020-01-29
566,8,0,2020-01-29
567,9,0,2020-01-29
568,5,0,2020-01-29
569,6,0,2020-01-29
570,10,0,2020-01-29
571,11,0,2020-01-29
572,12,0,2020-01-29
573,13,0,2020-01-29
574,14,0,2020-01-29
575,15,0,2020-01-29
576,16,0,2020-01-29
577,17,0,2020-01-29
578,18,0,2020-01-29
579,19,0,2020-01-29
580,20,0,2020-01-29
581,21,0,2020-01-29
582,22,0,2020-01-29
583,23,0,2020-01-29
584,24,0,2020-01-29
585,25,1,2020-01-29
586,26,0,2020-01-29
587,27,0,2020-01-29
588,28,0,2020-01-29
589,29,0,2020-01-29
590,30,0,2020-01-29
591,31,0,2020-01-29
592,32,0,2020-01-29
593,0,1,2020-01-29
594,1,0,2020-01-30
595,2,0,2020-01-30
596,3,0,2020-01-30
597,4,0,2020-01-30
598,7,0,2020-01-30
599,8,0,2020-01-30
600,9,0,2020-01-30
601,5,0,2020-01-30
602,6,0,2020-01-30
603,10,0,2020-01-30
604,11,0,2020-01-30
605,12,0,2020-01-30
606,13,0,2020-01-30
607,14,0,2020-01-30
608,15,0,2020-01-30
609,16,0,2020-01-30
610,17,0,2020-01-30
611,18,0,2020-01-30
612,19,0,2020-01-30
613,20,0,2020-01-30
614,21,0,2020-01-30
615,22,0,2020-01-30
616,23,0,2020-01-30
617,24,0,2020-01-30
618,25,0,2020-01-30
619,26,0,2020-01-30
620,27,0,2020-01-30
621,28,0,2020-01-30
622,29,0,2020-01-30
623,30,0,2020-01-30
624,31,0,2020-01-30
625,32,0,2020-01-30
626,0,0,2020-01-30
627,1,0,2020-01-31
628,2,0,2020-01-31
629,3,0,2020-01-31
630,4,0,2020-01-31
631,7,0,2020-01-31
632,8,0,2020-01-31
633,9,0,2020-01-31
634,5,0,2020-01-31
635,6,0,2020-01-31
636,10,0,2020-01-31
637,11,0,2020-01-31
638,12,0,2020-01-31
639,13,0,2020-01-31
640,14,0,2020-01-31
641,15,0,2020-01-31
642,16,0,2020-01-31
643,17,0,2020-01-31
644,18,0,2020-01-31
645,19,0,2020-01-31
646,20,0,2020-01-31
647,21,0,2020-01-31
648,22,0,2020-01-31
649,23,0,2020-01-31
650,24,0,2020-01-31
651,25,0,2020-01-31
652,26,0,2020-01-31
653,27,0,2020-01-31
654,28,0,2020-01-31
655,29,0,2020-01-31
656,30,0,2020-01-31
657,31,0,2020-01-31
658,32,0,2020-01-31
659,0,0,2020-01-31
660,1,0,2020-02-01
661,2,0,2020-02-01
662,3,0,2020-02-01
663,4,0,2020-02-01
664,7,0,2020-02-01
665,8,0,2020-02-01
666,9,0,2020-02-01
667,5,0,2020-02-01
668,6,0,2020-02-01
669,10,0,2020-02-01
670,11,0,2020-02-01
671,12,0,2020-02-01
672,13,0,2020-02-01
673,14,0,2020-02-01
674,15,0,2020-02-01
675,16,0,2020-02-01
676,17,0,2020-02-01
677,18,0,2020-02-01
678,19,0,2020-02-01
679,20,0,2020-02-01
680,21,0,2020-02-01
681,22,0,2020-02-01
682,23,0,2020-02-01
683,24,0,2020-02-01
684,25,0,2020-02-01
685,26,0,2020-02-01
686,27,0,2020-02-01
687,28,0,2020-02-01
688,29,0,2020-02-01
689,30,0,2020-02-01
690,31,0,2020-02-01
691,32,0,2020-02-01
692,0,0,2020-02-01
693,1,0,2020-02-02
694,2,0,2020-02-02
695,3,0,2020-02-02
696,4,0,2020-02-02
697,7,0,2020-02-02
698,8,0,2020-02-02
699,9,0,2020-02-02
700,5,0,2020-02-02
701,6,0,2020-02-02
702,10,0,2020-02-02
703,11,0,2020-02-02
704,12,0,2020-02-02
705,13,0,2020-02-02
706,14,0,2020-02-02
707,15,0,2020-02-02
708,16,0,2020-02-02
709,17,0,2020-02-02
710,18,0,2020-02-02
711,19,0,2020-02-02
712,20,0,2020-02-02
713,21,0,2020-02-02
714,22,0,2020-02-02
715,23,0,2020-02-02
716,24,0,2020-02-02
717,25,0,2020-02-02
718,26,0,2020-02-02
719,27,0,2020-02-02
720,28,0,2020-02-02
721,29,0,2020-02-02
722,30,0,2020-02-02
723,31,0,2020-02-02
724,32,0,2020-02-02
725,0,0,2020-02-02
726,1,0,2020-02-03
727,2,0,2020-02-03
728,3,0,2020-02-03
729,4,0,2020-02-03
730,7,0,2020-02-03
731,8,0,2020-02-03
732,9,0,2020-02-03
733,5,0,2020-02-03
734,6,0,2020-02-03
735,10,0,2020-02-03
736,11,0,2020-02-03
737,12,0,2020-02-03
738,13,0,2020-02-03
739,14,0,2020-02-03
740,15,0,2020-02-03
741,16,0,2020-02-03
742,17,0,2020-02-03
743,18,0,2020-02-03
744,19,0,2020-02-03
745,20,0,2020-02-03
746,21,0,2020-02-03
747,22,0,2020-02-03
748,23,0,2020-02-03
749,24,0,2020-02-03
750,25,0,2020-02-03
751,26,0,2020-02-03
752,27,0,2020-02-03
753,28,0,2020-02-03
754,29,0,2020-02-03
755,30,0,2020-02-03
756,31,0,2020-02-03
757,32,0,2020-02-03
758,0,0,2020-02-03
759,1,0,2020-02-04
760,2,0,2020-02-04
761,3,0,2020-02-04
762,4,0,2020-02-04
763,7,0,2020-02-04
764,8,0,2020-02-04
765,9,0,2020-02-04
766,5,0,2020-02-04
767,6,0,2020-02-04
768,10,0,2020-02-04
769,11,0,2020-02-04
770,12,0,2020-02-04
771,13,0,2020-02-04
772,14,0,2020-02-04
773,15,0,2020-02-04
774,16,0,2020-02-04
775,17,0,2020-02-04
776,18,0,2020-02-04
777,19,0,2020-02-04
778,20,0,2020-02-04
779,21,0,2020-02-04
780,22,0,2020-02-04
781,23,0,2020-02-04
782,24,0,2020-02-04
783,25,0,2020-02-04
784,26,0,2020-02-04
785,27,0,2020-02-04
786,28,0,2020-02-04
787,29,0,2020-02-04
788,30,0,2020-02-04
789,31,0,2020-02-04
790,32,0,2020-02-04
791,0,0,2020-02-04
792,1,0,2020-02-05
793,2,0,2020-02-05
794,3,0,2020-02-05
795,4,0,2020-02-05
796,7,0,2020-02-05
797,8,0,2020-02-05
798,9,0,2020-02-05
799,5,0,2020-02-05
800,6,0,2020-02-05
801,10,0,2020-02-05
802,11,0,2020-02-05
803,12,0,2020-02-05
804,13,0,2020-02-05
805,14,0,2020-02-05
806,15,0,2020-02-05
807,16,0,2020-02-05
808,17,0,2020-02-05
809,18,0,2020-02-05
810,19,0,2020-02-05
811,20,0,2020-02-05
812,21,0,2020-02-05
813,22,0,2020-02-05
814,23,0,2020-02-05
815,24,0,2020-02-05
816,25,0,2020-02-05
817,26,0,2020-02-05
818,27,0,2020-02-05
819,28,0,2020-02-05
820,29,0,2020-02-05
821,30,0,2020-02-05
822,31,0,2020-02-05
823,32,0,2020-02-05
824,0,0,2020-02-05
825,1,0,2020-02-06
826,2,0,2020-02-06
827,3,0,2020-02-06
828,4,0,2020-02-06
829,7,0,2020-02-06
830,8,0,2020-02-06
831,9,0,2020-02-06
832,5,0,2020-02-06
833,6,0,2020-02-06
834,10,0,2020-02-06
835,11,0,2020-02-06
836,12,0,2020-02-06
837,13,0,2020-02-06
838,14,0,2020-02-06
839,15,0,2020-02-06
840,16,0,2020-02-06
841,17,0,2020-02-06
842,18,0,2020-02-06
843,19,0,2020-02-06
844,20,0,2020-02-06
845,21,0,2020-02-06
846,22,0,2020-02-06
847,23,0,2020-02-06
848,24,0,2020-02-06
849,25,0,2020-02-06
850,26,0,2020-02-06
851,27,0,2020-02-06
852,28,0,2020-02-06
853,29,0,2020-02-06
854,30,0,2020-02-06
855,31,0,2020-02-06
856,32,0,2020-02-06
857,0,0,2020-02-06
858,1,0,2020-02-07
859,2,0,2020-02-07
860,3,0,2020-02-07
861,4,0,2020-02-07
862,7,0,2020-02-07
863,8,0,2020-02-07
864,9,0,2020-02-07
865,5,0,2020-02-07
866,6,0,2020-02-07
867,10,0,2020-02-07
868,11,0,2020-02-07
869,12,0,2020-02-07
870,13,0,2020-02-07
871,14,0,2020-02-07
872,15,0,2020-02-07
873,16,0,2020-02-07
874,17,0,2020-02-07
875,18,0,2020-02-07
876,19,0,2020-02-07
877,20,0,2020-02-07
878,21,0,2020-02-07
879,22,0,2020-02-07
880,23,0,2020-02-07
881,24,0,2020-02-07
882,25,0,2020-02-07
883,26,0,2020-02-07
884,27,0,2020-02-07
885,28,0,2020-02-07
886,29,0,2020-02-07
887,30,0,2020-02-07
888,31,0,2020-02-07
889,32,0,2020-02-07
890,0,0,2020-02-07
891,1,0,2020-02-08
892,2,0,2020-02-08
893,3,0,2020-02-08
894,4,0,2020-02-08
895,7,0,2020-02-08
896,8,0,2020-02-08
897,9,0,2020-02-08
898,5,0,2020-02-08
899,6,0,2020-02-08
900,10,0,2020-02-08
901,11,0,2020-02-08
902,12,0,2020-02-08
903,13,0,2020-02-08
904,14,0,2020-02-08
905,15,0,2020-02-08
906,16,0,2020-02-08
907,17,0,2020-02-08
908,18,0,2020-02-08
909,19,0,2020-02-08
910,20,0,2020-02-08
911,21,0,2020-02-08
912,22,0,2020-02-08
913,23,0,2020-02-08
914,24,0,2020-02-08
915,25,0,2020-02-08
916,26,0,2020-02-08
917,27,0,2020-02-08
918,28,0,2020-02-08
919,29,0,2020-02-08
920,30,0,2020-02-08
921,31,0,2020-02-08
922,32,0,2020-02-08
923,0,0,2020-02-08
924,1,0,2020-02-09
925,2,0,2020-02-09
926,3,0,2020-02-09
927,4,0,2020-02-09
928,7,0,2020-02-09
929,8,0,2020-02-09
930,9,0,2020-02-09
931,5,0,2020-02-09
932,6,0,2020-02-09
933,10,0,2020-02-09
934,11,0,2020-02-09
935,12,0,2020-02-09
936,13,0,2020-02-09
937,14,0,2020-02-09
938,15,0,2020-02-09
939,16,0,2020-02-09
940,17,0,2020-02-09
941,18,0,2020-02-09
942,19,0,2020-02-09
943,20,0,2020-02-09
944,21,0,2020-02-09
945,22,0,2020-02-09
946,23,0,2020-02-09
947,24,0,2020-02-09
948,25,0,2020-02-09
949,26,0,2020-02-09
950,27,0,2020-02-09
951,28,0,2020-02-09
952,29,0,2020-02-09
953,30,0,2020-02-09
954,31,0,2020-02-09
955,32,0,2020-02-09
956,0,0,2020-02-09
957,1,0,2020-02-10
958,2,0,2020-02-10
959,3,0,2020-02-10
960,4,0,2020-02-10
961,7,0,2020-02-10
962,8,0,2020-02-10
963,9,0,2020-02-10
964,5,0,2020-02-10
965,6,0,2020-02-10
966,10,0,2020-02-10
967,11,0,2020-02-10
968,12,0,2020-02-10
969,13,0,2020-02-10
970,14,0,2020-02-10
971,15,0,2020-02-10
972,16,0,2020-02-10
973,17,0,2020-02-10
974,18,0,2020-02-10
975,19,0,2020-02-10
976,20,0,2020-02-10
977,21,0,2020-02-10
978,22,0,2020-02-10
979,23,0,2020-02-10
980,24,0,2020-02-10
981,25,0,2020-02-10
982,26,0,2020-02-10
983,27,0,2020-02-10
984,28,0,2020-02-10
985,29,0,2020-02-10
986,30,0,2020-02-10
987,31,0,2020-02-10
988,32,0,2020-02-10
989,0,0,2020-02-10
990,1,0,2020-02-11
991,2,0,2020-02-11
992,3,0,2020-02-11
993,4,0,2020-02-11
994,7,0,2020-02-11
995,8,0,2020-02-11
996,9,0,2020-02-11
997,5,0,2020-02-11
998,6,0,2020-02-11
999,10,0,2020-02-11
1000,11,0,2020-02-11
1001,12,0,2020-02-11
1002,13,0,2020-02-11
1003,14,0,2020-02-11
1004,15,0,2020-02-11
1005,16,0,2020-02-11
1006,17,0,2020-02-11
1007,18,0,2020-02-11
1008,19,0,2020-02-11
1009,20,0,2020-02-11
1010,21,0,2020-02-11
1011,22,0,2020-02-11
1012,23,0,2020-02-11
1013,24,0,2020-02-11
1014,25,0,2020-02-11
1015,26,0,2020-02-11
1016,27,0,2020-02-11
1017,28,0,2020-02-11
1018,29,0,2020-02-11
1019,30,0,2020-02-11
1020,31,0,2020-02-11
1021,32,0,2020-02-11
1022,0,0,2020-02-11
1023,1,0,2020-02-12
1024,2,1,2020-02-12
1025,3,0,2020-02-12
1026,4,0,2020-02-12
1027,7,0,2020-02-12
1028,8,0,2020-02-12
1029,9,0,2020-02-12
1030,5,0,2020-02-12
1031,6,0,2020-02-12
1032,10,0,2020-02-12
1033,11,0,2020-02-12
1034,12,0,2020-02-12
1035,13,0,2020-02-12
1036,14,0,2020-02-12
1037,15,0,2020-02-12
1038,16,0,2020-02-12
1039,17,0,2020-02-12
1040,18,0,2020-02-12
1041,19,0,2020-02-12
1042,20,0,2020-02-12
1043,21,0,2020-02-12
1044,22,0,2020-02-12
1045,23,0,2020-02-12
1046,24,0,2020-02-12
1047,25,0,2020-02-12
1048,26,0,2020-02-12
1049,27,0,2020-02-12
1050,28,0,2020-02-12
1051,29,0,2020-02-12
1052,30,0,2020-02-12
1053,31,0,2020-02-12
1054,32,0,2020-02-12
1055,0,1,2020-02-12
1056,1,0,2020-02-13
1057,2,0,2020-02-13
1058,3,0,2020-02-13
1059,4,0,2020-02-13
1060,7,0,2020-02-13
1061,8,0,2020-02-13
1062,9,0,2020-02-13
1063,5,0,2020-02-13
1064,6,0,2020-02-13
1065,10,0,2020-02-13
1066,11,0,2020-02-13
1067,12,0,2020-02-13
1068,13,0,2020-02-13
1069,14,0,2020-02-13
1070,15,0,2020-02-13
1071,16,0,2020-02-13
1072,17,0,2020-02-13
1073,18,0,2020-02-13
1074,19,0,2020-02-13
1075,20,0,2020-02-13
1076,21,0,2020-02-13
1077,22,0,2020-02-13
1078,23,0,2020-02-13
1079,24,0,2020-02-13
1080,25,0,2020-02-13
1081,26,0,2020-02-13
1082,27,0,2020-02-13
1083,28,0,2020-02-13
1084,29,0,2020-02-13
1085,30,0,2020-02-13
1086,31,0,2020-02-13
1087,32,0,2020-02-13
1088,0,0,2020-02-13
1089,1,0,2020-02-14
1090,2,0,2020-02-14
1091,3,0,2020-02-14
1092,4,0,2020-02-14
1093,7,0,2020-02-14
1094,8,0,2020-02-14
1095,9,0,2020-02-14
1096,5,0,2020-02-14
1097,6,0,2020-02-14
1098,10,0,2020-02-14
1099,11,0,2020-02-14
1100,12,0,2020-02-14
1101,13,0,2020-02-14
1102,14,0,2020-02-14
1103,15,0,2020-02-14
1104,16,0,2020-02-14
1105,17,0,2020-02-14
1106,18,0,2020-02-14
1107,19,0,2020-02-14
1108,20,0,2020-02-14
1109,21,0,2020-02-14
1110,22,0,2020-02-14
1111,23,0,2020-02-14
1112,24,0,2020-02-14
1113,25,0,2020-02-14
1114,26,0,2020-02-14
1115,27,0,2020-02-14
1116,28,0,2020-02-14
1117,29,0,2020-02-14
1118,30,0,2020-02-14
1119,31,0,2020-02-14
1120,32,0,2020-02-14
1121,0,0,2020-02-14
1122,1,0,2020-02-15
1123,2,0,2020-02-15
1124,3,0,2020-02-15
1125,4,0,2020-02-15
1126,7,0,2020-02-15
1127,8,0,2020-02-15
1128,9,0,2020-02-15
1129,5,0,2020-02-15
1130,6,0,2020-02-15
1131,10,0,2020-02-15
1132,11,0,2020-02-15
1133,12,0,2020-02-15
1134,13,0,2020-02-15
1135,14,0,2020-02-15
1136,15,0,2020-02-15
1137,16,0,2020-02-15
1138,17,0,2020-02-15
1139,18,0,2020-02-15
1140,19,0,2020-02-15
1141,20,0,2020-02-15
1142,21,0,2020-02-15
1143,22,0,2020-02-15
1144,23,0,2020-02-15
1145,24,0,2020-02-15
1146,25,0,2020-02-15
1147,26,0,2020-02-15
1148,27,0,2020-02-15
1149,28,0,2020-02-15
1150,29,0,2020-02-15
1151,30,0,2020-02-15
1152,31,0,2020-02-15
1153,32,0,2020-02-15
1154,0,0,2020-02-15
1155,1,0,2020-02-16
1156,2,0,2020-02-16
1157,3,0,2020-02-16
1158,4,0,2020-02-16
1159,7,0,2020-02-16
1160,8,0,2020-02-16
1161,9,0,2020-02-16
1162,5,0,2020-02-16
1163,6,0,2020-02-16
1164,10,0,2020-02-16
1165,11,0,2020-02-16
1166,12,0,2020-02-16
1167,13,0,2020-02-16
1168,14,0,2020-02-16
1169,15,0,2020-02-16
1170,16,0,2020-02-16
1171,17,0,2020-02-16
1172,18,0,2020-02-16
1173,19,0,2020-02-16
1174,20,0,2020-02-16
1175,21,0,2020-02-16
1176,22,0,2020-02-16
1177,23,0,2020-02-16
1178,24,0,2020-02-16
1179,25,0,2020-02-16
1180,26,0,2020-02-16
1181,27,0,2020-02-16
1182,28,0,2020-02-16
1183,29,0,2020-02-16
1184,30,0,2020-02-16
1185,31,0,2020-02-16
1186,32,0,2020-02-16
1187,0,0,2020-02-16
1188,1,0,2020-02-17
1189,2,0,2020-02-17
1190,3,0,2020-02-17
1191,4,0,2020-02-17
1192,7,0,2020-02-17
1193,8,0,2020-02-17
1194,9,0,2020-02-17
1195,5,0,2020-02-17
1196,6,0,2020-02-17
1197,10,0,2020-02-17
1198,11,0,2020-02-17
1199,12,0,2020-02-17
1200,13,0,2020-02-17
1201,14,0,2020-02-17
1202,15,0,2020-02-17
1203,16,0,2020-02-17
1204,17,0,2020-02-17
1205,18,0,2020-02-17
1206,19,0,2020-02-17
1207,20,0,2020-02-17
1208,21,0,2020-02-17
1209,22,0,2020-02-17
1210,23,0,2020-02-17
1211,24,0,2020-02-17
1212,25,0,2020-02-17
1213,26,0,2020-02-17
1214,27,0,2020-02-17
1215,28,0,2020-02-17
1216,29,0,2020-02-17
1217,30,0,2020-02-17
1218,31,0,2020-02-17
1219,32,0,2020-02-17
1220,0,0,2020-02-17
1221,1,0,2020-02-18
1222,2,0,2020-02-18
1223,3,0,2020-02-18
1224,4,0,2020-02-18
1225,7,0,2020-02-18
1226,8,0,2020-02-18
1227,9,0,2020-02-18
1228,5,0,2020-02-18
1229,6,0,2020-02-18
1230,10,0,2020-02-18
1231,11,0,2020-02-18
1232,12,0,2020-02-18
1233,13,0,2020-02-18
1234,14,0,2020-02-18
1235,15,0,2020-02-18
1236,16,0,2020-02-18
1237,17,0,2020-02-18
1238,18,0,2020-02-18
1239,19,0,2020-02-18
1240,20,0,2020-02-18
1241,21,0,2020-02-18
1242,22,0,2020-02-18
1243,23,0,2020-02-18
1244,24,0,2020-02-18
1245,25,0,2020-02-18
1246,26,0,2020-02-18
1247,27,0,2020-02-18
1248,28,0,2020-02-18
1249,29,0,2020-02-18
1250,30,0,2020-02-18
1251,31,0,2020-02-18
1252,32,0,2020-02-18
1253,0,0,2020-02-18
1254,1,0,2020-02-19
1255,2,0,2020-02-19
1256,3,0,2020-02-19
1257,4,0,2020-02-19
1258,7,0,2020-02-19
1259,8,0,2020-02-19
1260,9,0,2020-02-19
1261,5,0,2020-02-19
1262,6,0,2020-02-19
1263,10,0,2020-02-19
1264,11,0,2020-02-19
1265,12,0,2020-02-19
1266,13,0,2020-02-19
1267,14,0,2020-02-19
1268,15,0,2020-02-19
1269,16,0,2020-02-19
1270,17,0,2020-02-19
1271,18,0,2020-02-19
1272,19,0,2020-02-19
1273,20,0,2020-02-19
1274,21,0,2020-02-19
1275,22,0,2020-02-19
1276,23,0,2020-02-19
1277,24,0,2020-02-19
1278,25,0,2020-02-19
1279,26,0,2020-02-19
1280,27,0,2020-02-19
1281,28,0,2020-02-19
1282,29,0,2020-02-19
1283,30,0,2020-02-19
1284,31,0,2020-02-19
1285,32,0,2020-02-19
1286,0,0,2020-02-19
1287,1,0,2020-02-20
1288,2,0,2020-02-20
1289,3,0,2020-02-20
1290,4,0,2020-02-20
1291,7,0,2020-02-20
1292,8,0,2020-02-20
1293,9,0,2020-02-20
1294,5,0,2020-02-20
1295,6,0,2020-02-20
1296,10,0,2020-02-20
1297,11,0,2020-02-20
1298,12,0,2020-02-20
1299,13,0,2020-02-20
1300,14,0,2020-02-20
1301,15,0,2020-02-20
1302,16,0,2020-02-20
1303,17,0,2020-02-20
1304,18,0,2020-02-20
1305,19,0,2020-02-20
1306,20,0,2020-02-20
1307,21,0,2020-02-20
1308,22,0,2020-02-20
1309,23,0,2020-02-20
1310,24,0,2020-02-20
1311,25,0,2020-02-20
1312,26,0,2020-02-20
1313,27,0,2020-02-20
1314,28,0,2020-02-20
1315,29,0,2020-02-20
1316,30,0,2020-02-20
1317,31,0,2020-02-20
1318,32,0,2020-02-20
1319,0,0,2020-02-20
1320,1,0,2020-02-21
1321,2,0,2020-02-21
1322,3,0,2020-02-21
1323,4,0,2020-02-21
1324,7,0,2020-02-21
1325,8,0,2020-02-21
1326,9,0,2020-02-21
1327,5,0,2020-02-21
1328,6,0,2020-02-21
1329,10,0,2020-02-21
1330,11,0,2020-02-21
1331,12,0,2020-02-21
1332,13,0,2020-02-21
1333,14,0,2020-02-21
1334,15,0,2020-02-21
1335,16,0,2020-02-21
1336,17,0,2020-02-21
1337,18,0,2020-02-21
1338,19,0,2020-02-21
1339,20,0,2020-02-21
1340,21,0,2020-02-21
1341,22,0,2020-02-21
1342,23,0,2020-02-21
1343,24,0,2020-02-21
1344,25,0,2020-02-21
1345,26,0,2020-02-21
1346,27,0,2020-02-21
1347,28,0,2020-02-21
1348,29,0,2020-02-21
1349,30,0,2020-02-21
1350,31,0,2020-02-21
1351,32,0,2020-02-21
1352,0,0,2020-02-21
1353,1,0,2020-02-22
1354,2,0,2020-02-22
1355,3,0,2020-02-22
1356,4,0,2020-02-22
1357,7,0,2020-02-22
1358,8,0,2020-02-22
1359,9,0,2020-02-22
1360,5,0,2020-02-22
1361,6,0,2020-02-22
1362,10,0,2020-02-22
1363,11,0,2020-02-22
1364,12,0,2020-02-22
1365,13,0,2020-02-22
1366,14,0,2020-02-22
1367,15,0,2020-02-22
1368,16,0,2020-02-22
1369,17,0,2020-02-22
1370,18,0,2020-02-22
1371,19,0,2020-02-22
1372,20,0,2020-02-22
1373,21,0,2020-02-22
1374,22,0,2020-02-22
1375,23,0,2020-02-22
1376,24,0,2020-02-22
1377,25,0,2020-02-22
1378,26,0,2020-02-22
1379,27,0,2020-02-22
1380,28,0,2020-02-22
1381,29,0,2020-02-22
1382,30,0,2020-02-22
1383,31,0,2020-02-22
1384,32,0,2020-02-22
1385,0,0,2020-02-22
1386,1,0,2020-02-23
1387,2,0,2020-02-23
1388,3,0,2020-02-23
1389,4,0,2020-02-23
1390,7,0,2020-02-23
1391,8,0,2020-02-23
1392,9,0,2020-02-23
1393,5,0,2020-02-23
1394,6,0,2020-02-23
1395,10,0,2020-02-23
1396,11,0,2020-02-23
1397,12,0,2020-02-23
1398,13,0,2020-02-23
1399,14,0,2020-02-23
1400,15,0,2020-02-23
1401,16,0,2020-02-23
1402,17,0,2020-02-23
1403,18,0,2020-02-23
1404,19,0,2020-02-23
1405,20,0,2020-02-23
1406,21,0,2020-02-23
1407,22,0,2020-02-23
1408,23,0,2020-02-23
1409,24,0,2020-02-23
1410,25,0,2020-02-23
1411,26,0,2020-02-23
1412,27,0,2020-02-23
1413,28,0,2020-02-23
1414,29,0,2020-02-23
1415,30,0,2020-02-23
1416,31,0,2020-02-23
1417,32,0,2020-02-23
1418,0,0,2020-02-23
1419,1,0,2020-02-24
1420,2,0,2020-02-24
1421,3,0,2020-02-24
1422,4,0,2020-02-24
1423,7,0,2020-02-24
1424,8,0,2020-02-24
1425,9,0,2020-02-24
1426,5,0,2020-02-24
1427,6,0,2020-02-24
1428,10,0,2020-02-24
1429,11,0,2020-02-24
1430,12,0,2020-02-24
1431,13,0,2020-02-24
1432,14,0,2020-02-24
1433,15,0,2020-02-24
1434,16,0,2020-02-24
1435,17,0,2020-02-24
1436,18,0,2020-02-24
1437,19,0,2020-02-24
1438,20,0,2020-02-24
1439,21,0,2020-02-24
1440,22,0,2020-02-24
1441,23,0,2020-02-24
1442,24,0,2020-02-24
1443,25,0,2020-02-24
1444,26,0,2020-02-24
1445,27,0,2020-02-24
1446,28,0,2020-02-24
1447,29,0,2020-02-24
1448,30,0,2020-02-24
1449,31,0,2020-02-24
1450,32,0,2020-02-24
1451,0,0,2020-02-24
1452,1,0,2020-02-25
1453,2,0,2020-02-25
1454,3,0,2020-02-25
1455,4,0,2020-02-25
1456,7,0,2020-02-25
1457,8,0,2020-02-25
1458,9,0,2020-02-25
1459,5,0,2020-02-25
1460,6,0,2020-02-25
1461,10,0,2020-02-25
1462,11,0,2020-02-25
1463,12,0,2020-02-25
1464,13,0,2020-02-25
1465,14,0,2020-02-25
1466,15,0,2020-02-25
1467,16,0,2020-02-25
1468,17,0,2020-02-25
1469,18,0,2020-02-25
1470,19,0,2020-02-25
1471,20,0,2020-02-25
1472,21,0,2020-02-25
1473,22,0,2020-02-25
1474,23,0,2020-02-25
1475,24,0,2020-02-25
1476,25,0,2020-02-25
1477,26,0,2020-02-25
1478,27,0,2020-02-25
1479,28,0,2020-02-25
1480,29,0,2020-02-25
1481,30,0,2020-02-25
1482,31,0,2020-02-25
1483,32,0,2020-02-25
1484,0,0,2020-02-25
1485,1,0,2020-02-26
1486,2,0,2020-02-26
1487,3,0,2020-02-26
1488,4,0,2020-02-26
1489,7,0,2020-02-26
1490,8,0,2020-02-26
1491,9,0,2020-02-26
1492,5,0,2020-02-26
1493,6,0,2020-02-26
1494,10,0,2020-02-26
1495,11,0,2020-02-26
1496,12,0,2020-02-26
1497,13,0,2020-02-26
1498,14,0,2020-02-26
1499,15,0,2020-02-26
1500,16,0,2020-02-26
1501,17,0,2020-02-26
1502,18,0,2020-02-26
1503,19,0,2020-02-26
1504,20,0,2020-02-26
1505,21,0,2020-02-26
1506,22,0,2020-02-26
1507,23,0,2020-02-26
1508,24,0,2020-02-26
1509,25,0,2020-02-26
1510,26,0,2020-02-26
1511,27,0,2020-02-26
1512,28,0,2020-02-26
1513,29,0,2020-02-26
1514,30,0,2020-02-26
1515,31,0,2020-02-26
1516,32,0,2020-02-26
1517,0,0,2020-02-26
1518,1,0,2020-02-27
1519,2,0,2020-02-27
1520,3,0,2020-02-27
1521,4,0,2020-02-27
1522,7,0,2020-02-27
1523,8,0,2020-02-27
1524,9,3,2020-02-27
1525,5,0,2020-02-27
1526,6,0,2020-02-27
1527,10,0,2020-02-27
1528,11,0,2020-02-27
1529,12,0,2020-02-27
1530,13,1,2020-02-27
1531,14,0,2020-02-27
1532,15,0,2020-02-27
1533,16,0,2020-02-27
1534,17,0,2020-02-27
1535,18,0,2020-02-27
1536,19,0,2020-02-27
1537,20,0,2020-02-27
1538,21,0,2020-02-27
1539,22,0,2020-02-27
1540,23,0,2020-02-27
1541,24,0,2020-02-27
1542,25,0,2020-02-27
1543,26,0,2020-02-27
1544,27,0,2020-02-27
1545,28,0,2020-02-27
1546,29,0,2020-02-27
1547,30,0,2020-02-27
1548,31,0,2020-02-27
1549,32,0,2020-02-27
1550,0,4,2020-02-27
1551,1,0,2020-02-28
1552,2,0,2020-02-28
1553,3,0,2020-02-28
1554,4,0,2020-02-28
1555,7,0,2020-02-28
1556,8,0,2020-02-28
1557,9,0,2020-02-28
1558,5,1,2020-02-28
1559,6,0,2020-02-28
1560,10,0,2020-02-28
1561,11,0,2020-02-28
1562,12,0,2020-02-28
1563,13,0,2020-02-28
1564,14,0,2020-02-28
1565,15,1,2020-02-28
1566,16,0,2020-02-28
1567,17,0,2020-02-28
1568,18,0,2020-02-28
1569,19,0,2020-02-28
1570,20,0,2020-02-28
1571,21,0,2020-02-28
1572,22,0,2020-02-28
1573,23,0,2020-02-28
1574,24,0,2020-02-28
1575,25,0,2020-02-28
1576,26,0,2020-02-28
1577,27,0,2020-02-28
1578,28,0,2020-02-28
1579,29,0,2020-02-28
1580,30,0,2020-02-28
1581,31,0,2020-02-28
1582,32,0,2020-02-28
1583,0,2,2020-02-28
1584,1,0,2020-02-29
1585,2,0,2020-02-29
1586,3,0,2020-02-29
1587,4,0,2020-02-29
1588,7,1,2020-02-29
1589,8,0,2020-02-29
1590,9,0,2020-02-29
1591,5,0,2020-02-29
1592,6,0,2020-02-29
1593,10,0,2020-02-29
1594,11,0,2020-02-29
1595,12,0,2020-02-29
1596,13,0,2020-02-29
1597,14,0,2020-02-29
1598,15,0,2020-02-29
1599,16,0,2020-02-29
1600,17,0,2020-02-29
1601,18,0,2020-02-29
1602,19,0,2020-02-29
1603,20,0,2020-02-29
1604,21,0,2020-02-29
1605,22,0,2020-02-29
1606,23,0,2020-02-29
1607,24,0,2020-02-29
1608,25,0,2020-02-29
1609,26,0,2020-02-29
1610,27,0,2020-02-29
1611,28,0,2020-02-29
1612,29,0,2020-02-29
1613,30,0,2020-02-29
1614,31,0,2020-02-29
1615,32,0,2020-02-29
1616,0,1,2020-02-29
1617,1,0,2020-03-01
1618,2,0,2020-03-01
1619,3,0,2020-03-01
1620,4,0,2020-03-01
1621,7,0,2020-03-01
1622,8,0,2020-03-01
1623,9,0,2020-03-01
1624,5,0,2020-03-01
1625,6,0,2020-03-01
1626,10,0,2020-03-01
1627,11,0,2020-03-01
1628,12,0,2020-03-01
1629,13,0,2020-03-01
1630,14,0,2020-03-01
1631,15,0,2020-03-01
1632,16,0,2020-03-01
1633,17,0,2020-03-01
1634,18,0,2020-03-01
1635,19,0,2020-03-01
1636,20,0,2020-03-01
1637,21,0,2020-03-01
1638,22,0,2020-03-01
1639,23,0,2020-03-01
1640,24,0,2020-03-01
1641,25,0,2020-03-01
1642,26,0,2020-03-01
1643,27,0,2020-03-01
1644,28,0,2020-03-01
1645,29,0,2020-03-01
1646,30,0,2020-03-01
1647,31,0,2020-03-01
1648,32,0,2020-03-01
1649,0,0,2020-03-01
1650,1,0,2020-03-02
1651,2,0,2020-03-02
1652,3,0,2020-03-02
1653,4,0,2020-03-02
1654,7,0,2020-03-02
1655,8,0,2020-03-02
1656,9,1,2020-03-02
1657,5,0,2020-03-02
1658,6,0,2020-03-02
1659,10,0,2020-03-02
1660,11,0,2020-03-02
1661,12,0,2020-03-02
1662,13,0,2020-03-02
1663,14,0,2020-03-02
1664,15,1,2020-03-02
1665,16,0,2020-03-02
1666,17,0,2020-03-02
1667,18,0,2020-03-02
1668,19,0,2020-03-02
1669,20,0,2020-03-02
1670,21,0,2020-03-02
1671,22,0,2020-03-02
1672,23,0,2020-03-02
1673,24,0,2020-03-02
1674,25,0,2020-03-02
1675,26,0,2020-03-02
1676,27,0,2020-03-02
1677,28,0,2020-03-02
1678,29,0,2020-03-02
1679,30,0,2020-03-02
1680,31,0,2020-03-02
1681,32,0,2020-03-02
1682,0,2,2020-03-02
1683,1,0,2020-03-03
1684,2,0,2020-03-03
1685,3,0,2020-03-03
1686,4,0,2020-03-03
1687,7,0,2020-03-03
1688,8,0,2020-03-03
1689,9,0,2020-03-03
1690,5,0,2020-03-03
1691,6,0,2020-03-03
1692,10,0,2020-03-03
1693,11,0,2020-03-03
1694,12,0,2020-03-03
1695,13,0,2020-03-03
1696,14,0,2020-03-03
1697,15,0,2020-03-03
1698,16,0,2020-03-03
1699,17,0,2020-03-03
1700,18,0,2020-03-03
1701,19,0,2020-03-03
1702,20,0,2020-03-03
1703,21,0,2020-03-03
1704,22,0,2020-03-03
1705,23,0,2020-03-03
1706,24,0,2020-03-03
1707,25,0,2020-03-03
1708,26,0,2020-03-03
1709,27,0,2020-03-03
1710,28,0,2020-03-03
1711,29,0,2020-03-03
1712,30,0,2020-03-03
1713,31,0,2020-03-03
1714,32,0,2020-03-03
1715,0,0,2020-03-03
1716,1,0,2020-03-04
1717,2,0,2020-03-04
1718,3,0,2020-03-04
1719,4,0,2020-03-04
1720,7,0,2020-03-04
1721,8,0,2020-03-04
1722,9,0,2020-03-04
1723,5,0,2020-03-04
1724,6,0,2020-03-04
1725,10,0,2020-03-04
1726,11,0,2020-03-04
1727,12,0,2020-03-04
1728,13,0,2020-03-04
1729,14,0,2020-03-04
1730,15,2,2020-03-04
1731,16,0,2020-03-04
1732,17,0,2020-03-04
1733,18,0,2020-03-04
1734,19,0,2020-03-04
1735,20,0,2020-03-04
1736,21,0,2020-03-04
1737,22,0,2020-03-04
1738,23,0,2020-03-04
1739,24,0,2020-03-04
1740,25,0,2020-03-04
1741,26,0,2020-03-04
1742,27,0,2020-03-04
1743,28,0,2020-03-04
1744,29,0,2020-03-04
1745,30,0,2020-03-04
1746,31,0,2020-03-04
1747,32,0,2020-03-04
1748,0,2,2020-03-04
1749,1,0,2020-03-05
1750,2,0,2020-03-05
1751,3,0,2020-03-05
1752,4,0,2020-03-05
1753,7,0,2020-03-05
1754,8,0,2020-03-05
1755,9,1,2020-03-05
1756,5,0,2020-03-05
1757,6,0,2020-03-05
1758,10,0,2020-03-05
1759,11,0,2020-03-05
1760,12,0,2020-03-05
1761,13,0,2020-03-05
1762,14,0,2020-03-05
1763,15,0,2020-03-05
1764,16,0,2020-03-05
1765,17,0,2020-03-05
1766,18,0,2020-03-05
1767,19,0,2020-03-05
1768,20,0,2020-03-05
1769,21,0,2020-03-05
1770,22,0,2020-03-05
1771,23,0,2020-03-05
1772,24,0,2020-03-05
1773,25,0,2020-03-05
1774,26,0,2020-03-05
1775,27,0,2020-03-05
1776,28,0,2020-03-05
1777,29,0,2020-03-05
1778,30,0,2020-03-05
1779,31,0,2020-03-05
1780,32,0,2020-03-05
1781,0,1,2020-03-05
1782,1,0,2020-03-06
1783,2,0,2020-03-06
1784,3,0,2020-03-06
1785,4,0,2020-03-06
1786,7,0,2020-03-06
1787,8,0,2020-03-06
1788,9,0,2020-03-06
1789,5,0,2020-03-06
1790,6,0,2020-03-06
1791,10,0,2020-03-06
1792,11,0,2020-03-06
1793,12,0,2020-03-06
1794,13,0,2020-03-06
1795,14,0,2020-03-06
1796,15,0,2020-03-06
1797,16,0,2020-03-06
1798,17,0,2020-03-06
1799,18,0,2020-03-06
1800,19,0,2020-03-06
1801,20,0,2020-03-06
1802,21,0,2020-03-06
1803,22,0,2020-03-06
1804,23,0,2020-03-06
1805,24,0,2020-03-06
1806,25,0,2020-03-06
1807,26,0,2020-03-06
1808,27,0,2020-03-06
1809,28,0,2020-03-06
1810,29,0,2020-03-06
1811,30,0,2020-03-06
1812,31,0,2020-03-06
1813,32,0,2020-03-06
1814,0,0,2020-03-06
1815,1,0,2020-03-07
1816,2,0,2020-03-07
1817,3,0,2020-03-07
1818,4,0,2020-03-07
1819,7,0,2020-03-07
1820,8,0,2020-03-07
1821,9,1,2020-03-07
1822,5,0,2020-03-07
1823,6,0,2020-03-07
1824,10,0,2020-03-07
1825,11,0,2020-03-07
1826,12,0,2020-03-07
1827,13,0,2020-03-07
1828,14,0,2020-03-07
1829,15,0,2020-03-07
1830,16,0,2020-03-07
1831,17,0,2020-03-07
1832,18,0,2020-03-07
1833,19,0,2020-03-07
1834,20,0,2020-03-07
1835,21,0,2020-03-07
1836,22,0,2020-03-07
1837,23,0,2020-03-07
1838,24,0,2020-03-07
1839,25,0,2020-03-07
1840,26,0,2020-03-07
1841,27,0,2020-03-07
1842,28,0,2020-03-07
1843,29,0,2020-03-07
1844,30,0,2020-03-07
1845,31,0,2020-03-07
1846,32,0,2020-03-07
1847,0,1,2020-03-07
1848,1,0,2020-03-08
1849,2,0,2020-03-08
1850,3,0,2020-03-08
1851,4,1,2020-03-08
1852,7,0,2020-03-08
1853,8,0,2020-03-08
1854,9,1,2020-03-08
1855,5,0,2020-03-08
1856,6,0,2020-03-08
1857,10,0,2020-03-08
1858,11,0,2020-03-08
1859,12,0,2020-03-08
1860,13,0,2020-03-08
1861,14,0,2020-03-08
1862,15,2,2020-03-08
1863,16,0,2020-03-08
1864,17,0,2020-03-08
1865,18,0,2020-03-08
1866,19,0,2020-03-08
1867,20,0,2020-03-08
1868,21,0,2020-03-08
1869,22,0,2020-03-08
1870,23,0,2020-03-08
1871,24,0,2020-03-08
1872,25,0,2020-03-08
1873,26,0,2020-03-08
1874,27,0,2020-03-08
1875,28,0,2020-03-08
1876,29,0,2020-03-08
1877,30,0,2020-03-08
1878,31,0,2020-03-08
1879,32,0,2020-03-08
1880,0,4,2020-03-08
1881,1,0,2020-03-09
1882,2,0,2020-03-09
1883,3,0,2020-03-09
1884,4,0,2020-03-09
1885,7,0,2020-03-09
1886,8,0,2020-03-09
1887,9,0,2020-03-09
1888,5,0,2020-03-09
1889,6,0,2020-03-09
1890,10,0,2020-03-09
1891,11,0,2020-03-09
1892,12,0,2020-03-09
1893,13,0,2020-03-09
1894,14,0,2020-03-09
1895,15,1,2020-03-09
1896,16,0,2020-03-09
1897,17,1,2020-03-09
1898,18,0,2020-03-09
1899,19,0,2020-03-09
1900,20,0,2020-03-09
1901,21,0,2020-03-09
1902,22,0,2020-03-09
1903,23,0,2020-03-09
1904,24,0,2020-03-09
1905,25,0,2020-03-09
1906,26,0,2020-03-09
1907,27,0,2020-03-09
1908,28,0,2020-03-09
1909,29,0,2020-03-09
1910,30,0,2020-03-09
1911,31,0,2020-03-09
1912,32,0,2020-03-09
1913,0,2,2020-03-09
1914,1,0,2020-03-10
1915,2,0,2020-03-10
1916,3,0,2020-03-10
1917,4,0,2020-03-10
1918,7,0,2020-03-10
1919,8,0,2020-03-10
1920,9,3,2020-03-10
1921,5,0,2020-03-10
1922,6,0,2020-03-10
1923,10,0,2020-03-10
1924,11,0,2020-03-10
1925,12,0,2020-03-10
1926,13,0,2020-03-10
1927,14,0,2020-03-10
1928,15,2,2020-03-10
1929,16,0,2020-03-10
1930,17,0,2020-03-10
1931,18,0,2020-03-10
1932,19,2,2020-03-10
1933,20,0,2020-03-10
1934,21,0,2020-03-10
1935,22,2,2020-03-10
1936,23,0,2020-03-10
1937,24,0,2020-03-10
1938,25,0,2020-03-10
1939,26,0,2020-03-10
1940,27,0,2020-03-10
1941,28,0,2020-03-10
1942,29,0,2020-03-10
1943,30,0,2020-03-10
1944,31,0,2020-03-10
1945,32,0,2020-03-10
1946,0,9,2020-03-10
1947,1,0,2020-03-11
1948,2,1,2020-03-11
1949,3,0,2020-03-11
1950,4,0,2020-03-11
1951,7,0,2020-03-11
1952,8,0,2020-03-11
1953,9,12,2020-03-11
1954,5,2,2020-03-11
1955,6,0,2020-03-11
1956,10,1,2020-03-11
1957,11,0,2020-03-11
1958,12,0,2020-03-11
1959,13,0,2020-03-11
1960,14,1,2020-03-11
1961,15,2,2020-03-11
1962,16,0,2020-03-11
1963,17,0,2020-03-11
1964,18,0,2020-03-11
1965,19,4,2020-03-11
1966,20,0,2020-03-11
1967,21,1,2020-03-11
1968,22,1,2020-03-11
1969,23,2,2020-03-11
1970,24,0,2020-03-11
1971,25,0,2020-03-11
1972,26,0,2020-03-11
1973,27,0,2020-03-11
1974,28,0,2020-03-11
1975,29,0,2020-03-11
1976,30,0,2020-03-11
1977,31,0,2020-03-11
1978,32,0,2020-03-11
1979,0,27,2020-03-11
1980,1,0,2020-03-12
1981,2,0,2020-03-12
1982,3,0,2020-03-12
1983,4,1,2020-03-12
1984,7,0,2020-03-12
1985,8,0,2020-03-12
1986,9,17,2020-03-12
1987,5,0,2020-03-12
1988,6,0,2020-03-12
1989,10,0,2020-03-12
1990,11,0,2020-03-12
1991,12,0,2020-03-12
1992,13,0,2020-03-12
1993,14,3,2020-03-12
1994,15,3,2020-03-12
1995,16,0,2020-03-12
1996,17,0,2020-03-12
1997,18,0,2020-03-12
1998,19,0,2020-03-12
1999,20,0,2020-03-12
2000,21,1,2020-03-12
2001,22,1,2020-03-12
2002,23,1,2020-03-12
2003,24,0,2020-03-12
2004,25,0,2020-03-12
2005,26,0,2020-03-12
2006,27,0,2020-03-12
2007,28,0,2020-03-12
2008,29,0,2020-03-12
2009,30,0,2020-03-12
2010,31,1,2020-03-12
2011,32,0,2020-03-12
2012,0,28,2020-03-12
2013,1,0,2020-03-13
2014,2,0,2020-03-13
2015,3,0,2020-03-13
2016,4,0,2020-03-13
2017,7,0,2020-03-13
2018,8,1,2020-03-13
2019,9,24,2020-03-13
2020,5,0,2020-03-13
2021,6,0,2020-03-13
2022,10,1,2020-03-13
2023,11,1,2020-03-13
2024,12,2,2020-03-13
2025,13,0,2020-03-13
2026,14,3,2020-03-13
2027,15,12,2020-03-13
2028,16,0,2020-03-13
2029,17,0,2020-03-13
2030,18,0,2020-03-13
2031,19,5,2020-03-13
2032,20,2,2020-03-13
2033,21,4,2020-03-13
2034,22,2,2020-03-13
2035,23,0,2020-03-13
2036,24,2,2020-03-13
2037,25,1,2020-03-13
2038,26,0,2020-03-13
2039,27,0,2020-03-13
2040,28,0,2020-03-13
2041,29,0,2020-03-13
2042,30,0,2020-03-13
2043,31,0,2020-03-13
2044,32,0,2020-03-13
2045,0,60,2020-03-13
2046,1,1,2020-03-14
2047,2,0,2020-03-14
2048,3,0,2020-03-14
2049,4,1,2020-03-14
2050,7,0,2020-03-14
2051,8,1,2020-03-14
2052,9,21,2020-03-14
2053,5,0,2020-03-14
2054,6,1,2020-03-14
2055,10,1,2020-03-14
2056,11,0,2020-03-14
2057,12,0,2020-03-14
2058,13,0,2020-03-14
2059,14,5,2020-03-14
2060,15,4,2020-03-14
2061,16,0,2020-03-14
2062,17,1,2020-03-14
2063,18,0,2020-03-14
2064,19,6,2020-03-14
2065,20,0,2020-03-14
2066,21,2,2020-03-14
2067,22,1,2020-03-14
2068,23,4,2020-03-14
2069,24,0,2020-03-14
2070,25,0,2020-03-14
2071,26,0,2020-03-14
2072,27,0,2020-03-14
2073,28,0,2020-03-14
2074,29,0,2020-03-14
2075,30,0,2020-03-14
2076,31,0,2020-03-14
2077,32,0,2020-03-14
2078,0,49,2020-03-14
2079,1,0,2020-03-15
2080,2,0,2020-03-15
2081,3,0,2020-03-15
2082,4,0,2020-03-15
2083,7,0,2020-03-15
2084,8,0,2020-03-15
2085,9,10,2020-03-15
2086,5,0,2020-03-15
2087,6,0,2020-03-15
2088,10,0,2020-03-15
2089,11,2,2020-03-15
2090,12,0,2020-03-15
2091,13,1,2020-03-15
2092,14,2,2020-03-15
2093,15,10,2020-03-15
2094,16,0,2020-03-15
2095,17,0,2020-03-15
2096,18,0,2020-03-15
2097,19,0,2020-03-15
2098,20,0,2020-03-15
2099,21,3,2020-03-15
2100,22,0,2020-03-15
2101,23,0,2020-03-15
2102,24,0,2020-03-15
2103,25,0,2020-03-15
2104,26,1,2020-03-15
2105,27,0,2020-03-15
2106,28,1,2020-03-15
2107,29,0,2020-03-15
2108,30,2,2020-03-15
2109,31,4,2020-03-15
2110,32,0,2020-03-15
2111,0,36,2020-03-15
2112,1,0,2020-03-16
2113,2,1,2020-03-16
2114,3,0,2020-03-16
2115,4,0,2020-03-16
2116,7,0,2020-03-16
2117,8,0,2020-03-16
2118,9,26,2020-03-16
2119,5,1,2020-03-16
2120,6,1,2020-03-16
2121,10,0,2020-03-16
2122,11,2,2020-03-16
2123,12,2,2020-03-16
2124,13,0,2020-03-16
2125,14,12,2020-03-16
2126,15,6,2020-03-16
2127,16,0,2020-03-16
2128,17,0,2020-03-16
2129,18,0,2020-03-16
2130,19,6,2020-03-16
2131,20,0,2020-03-16
2132,21,2,2020-03-16
2133,22,0,2020-03-16
2134,23,3,2020-03-16
2135,24,1,2020-03-16
2136,25,1,2020-03-16
2137,26,0,2020-03-16
2138,27,0,2020-03-16
2139,28,1,2020-03-16
2140,29,0,2020-03-16
2141,30,0,2020-03-16
2142,31,2,2020-03-16
2143,32,1,2020-03-16
2144,0,68,2020-03-16
2145,1,1,2020-03-17
2146,2,3,2020-03-17
2147,3,0,2020-03-17
2148,4,0,2020-03-17
2149,7,0,2020-03-17
2150,8,0,2020-03-17
2151,9,34,2020-03-17
2152,5,2,2020-03-17
2153,6,0,2020-03-17
2154,10,1,2020-03-17
2155,11,0,2020-03-17
2156,12,5,2020-03-17
2157,13,2,2020-03-17
2158,14,6,2020-03-17
2159,15,7,2020-03-17
2160,16,0,2020-03-17
2161,17,1,2020-03-17
2162,18,0,2020-03-17
2163,19,6,2020-03-17
2164,20,0,2020-03-17
2165,21,3,2020-03-17
2166,22,2,2020-03-17
2167,23,4,2020-03-17
2168,24,5,2020-03-17
2169,25,1,2020-03-17
2170,26,1,2020-03-17
2171,27,1,2020-03-17
2172,28,0,2020-03-17
2173,29,0,2020-03-17
2174,30,0,2020-03-17
2175,31,6,2020-03-17
2176,32,0,2020-03-17
2177,0,91,2020-03-17
2178,1,3,2020-03-18
2179,2,4,2020-03-18
2180,3,1,2020-03-18
2181,4,0,2020-03-18
2182,7,1,2020-03-18
2183,8,1,2020-03-18
2184,9,31,2020-03-18
2185,5,2,2020-03-18
2186,6,0,2020-03-18
2187,10,1,2020-03-18
2188,11,1,2020-03-18
2189,12,1,2020-03-18
2190,13,0,2020-03-18
2191,14,17,2020-03-18
2192,15,6,2020-03-18
2193,16,1,2020-03-18
2194,17,1,2020-03-18
2195,18,1,2020-03-18
2196,19,9,2020-03-18
2197,20,0,2020-03-18
2198,21,3,2020-03-18
2199,22,2,2020-03-18
2200,23,2,2020-03-18
2201,24,1,2020-03-18
2202,25,0,2020-03-18
2203,26,0,2020-03-18
2204,27,3,2020-03-18
2205,28,0,2020-03-18
2206,29,0,2020-03-18
2207,30,7,2020-03-18
2208,31,0,2020-03-18
2209,32,0,2020-03-18
2210,0,99,2020-03-18
2211,1,1,2020-03-19
2212,2,5,2020-03-19
2213,3,0,2020-03-19
2214,4,0,2020-03-19
2215,7,0,2020-03-19
2216,8,1,2020-03-19
2217,9,39,2020-03-19
2218,5,3,2020-03-19
2219,6,0,2020-03-19
2220,10,0,2020-03-19
2221,11,1,2020-03-19
2222,12,0,2020-03-19
2223,13,0,2020-03-19
2224,14,10,2020-03-19
2225,15,12,2020-03-19
2226,16,1,2020-03-19
2227,17,0,2020-03-19
2228,18,1,2020-03-19
2229,19,4,2020-03-19
2230,20,1,2020-03-19
2231,21,5,2020-03-19
2232,22,3,2020-03-19
2233,23,5,2020-03-19
2234,24,3,2020-03-19
2235,25,2,2020-03-19
2236,26,0,2020-03-19
2237,27,2,2020-03-19
2238,28,1,2020-03-19
2239,29,0,2020-03-19
2240,30,5,2020-03-19
2241,31,2,2020-03-19
2242,32,0,2020-03-19
2243,0,107,2020-03-19
2244,1,2,2020-03-20
2245,2,6,2020-03-20
2246,3,1,2020-03-20
2247,4,0,2020-03-20
2248,7,0,2020-03-20
2249,8,3,2020-03-20
2250,9,24,2020-03-20
2251,5,4,2020-03-20
2252,6,0,2020-03-20
2253,10,0,2020-03-20
2254,11,4,2020-03-20
2255,12,0,2020-03-20
2256,13,3,2020-03-20
2257,14,5,2020-03-20
2258,15,10,2020-03-20
2259,16,2,2020-03-20
2260,17,1,2020-03-20
2261,18,0,2020-03-20
2262,19,12,2020-03-20
2263,20,1,2020-03-20
2264,21,5,2020-03-20
2265,22,0,2020-03-20
2266,23,1,2020-03-20
2267,24,3,2020-03-20
2268,25,1,2020-03-20
2269,26,1,2020-03-20
2270,27,2,2020-03-20
2271,28,1,2020-03-20
2272,29,0,2020-03-20
2273,30,1,2020-03-20
2274,31,6,2020-03-20
2275,32,1,2020-03-20
2276,0,100,2020-03-20
2277,1,1,2020-03-21
2278,2,3,2020-03-21
2279,3,1,2020-03-21
2280,4,0,2020-03-21
2281,7,0,2020-03-21
2282,8,1,2020-03-21
2283,9,12,2020-03-21
2284,5,0,2020-03-21
2285,6,0,2020-03-21
2286,10,1,2020-03-21
2287,11,11,2020-03-21
2288,12,1,2020-03-21
2289,13,3,2020-03-21
2290,14,1,2020-03-21
2291,15,5,2020-03-21
2292,16,5,2020-03-21
2293,17,1,2020-03-21
2294,18,0,2020-03-21
2295,19,4,2020-03-21
2296,20,1,2020-03-21
2297,21,4,2020-03-21
2298,22,1,2020-03-21
2299,23,3,2020-03-21
2300,24,4,2020-03-21
2301,25,0,2020-03-21
2302,26,1,2020-03-21
2303,27,0,2020-03-21
2304,28,0,2020-03-21
2305,29,0,2020-03-21
2306,30,1,2020-03-21
2307,31,0,2020-03-21
2308,32,1,2020-03-21
2309,0,66,2020-03-21
2310,1,1,2020-03-22
2311,2,2,2020-03-22
2312,3,0,2020-03-22
2313,4,0,2020-03-22
2314,7,0,2020-03-22
2315,8,1,2020-03-22
2316,9,11,2020-03-22
2317,5,0,2020-03-22
2318,6,0,2020-03-22
2319,10,0,2020-03-22
2320,11,1,2020-03-22
2321,12,0,2020-03-22
2322,13,0,2020-03-22
2323,14,3,2020-03-22
2324,15,5,2020-03-22
2325,16,0,2020-03-22
2326,17,0,2020-03-22
2327,18,0,2020-03-22
2328,19,4,2020-03-22
2329,20,1,2020-03-22
2330,21,2,2020-03-22
2331,22,0,2020-03-22
2332,23,4,2020-03-22
2333,24,1,2020-03-22
2334,25,1,2020-03-22
2335,26,0,2020-03-22
2336,27,0,2020-03-22
2337,28,2,2020-03-22
2338,29,0,2020-03-22
2339,30,0,2020-03-22
2340,31,8,2020-03-22
2341,32,1,2020-03-22
2342,0,48,2020-03-22
2343,1,4,2020-03-23
2344,2,10,2020-03-23
2345,3,4,2020-03-23
2346,4,1,2020-03-23
2347,7,3,2020-03-23
2348,8,0,2020-03-23
2349,9,25,2020-03-23
2350,5,1,2020-03-23
2351,6,0,2020-03-23
2352,10,1,2020-03-23
2353,11,6,2020-03-23
2354,12,1,2020-03-23
2355,13,1,2020-03-23
2356,14,8,2020-03-23
2357,15,14,2020-03-23
2358,16,3,2020-03-23
2359,17,2,2020-03-23
2360,18,2,2020-03-23
2361,19,5,2020-03-23
2362,20,2,2020-03-23
2363,21,8,2020-03-23
2364,22,3,2020-03-23
2365,23,4,2020-03-23
2366,24,2,2020-03-23
2367,25,2,2020-03-23
2368,26,3,2020-03-23
2369,27,3,2020-03-23
2370,28,1,2020-03-23
2371,29,1,2020-03-23
2372,30,4,2020-03-23
2373,31,5,2020-03-23
2374,32,0,2020-03-23
2375,0,129,2020-03-23
2376,1,0,2020-03-24
2377,2,9,2020-03-24
2378,3,2,2020-03-24
2379,4,0,2020-03-24
2380,7,0,2020-03-24
2381,8,1,2020-03-24
2382,9,34,2020-03-24
2383,5,6,2020-03-24
2384,6,1,2020-03-24
2385,10,1,2020-03-24
2386,11,1,2020-03-24
2387,12,0,2020-03-24
2388,13,1,2020-03-24
2389,14,7,2020-03-24
2390,15,23,2020-03-24
2391,16,3,2020-03-24
2392,17,3,2020-03-24
2393,18,3,2020-03-24
2394,19,5,2020-03-24
2395,20,1,2020-03-24
2396,21,15,2020-03-24
2397,22,4,2020-03-24
2398,23,9,2020-03-24
2399,24,0,2020-03-24
2400,25,6,2020-03-24
2401,26,4,2020-03-24
2402,27,12,2020-03-24
2403,28,1,2020-03-24
2404,29,1,2020-03-24
2405,30,2,2020-03-24
2406,31,8,2020-03-24
2407,32,1,2020-03-24
2408,0,164,2020-03-24
2409,1,17,2020-03-25
2410,2,7,2020-03-25
2411,3,0,2020-03-25
2412,4,0,2020-03-25
2413,7,2,2020-03-25
2414,8,2,2020-03-25
2415,9,25,2020-03-25
2416,5,0,2020-03-25
2417,6,0,2020-03-25
2418,10,1,2020-03-25
2419,11,4,2020-03-25
2420,12,3,2020-03-25
2421,13,5,2020-03-25
2422,14,7,2020-03-25
2423,15,25,2020-03-25
2424,16,2,2020-03-25
2425,17,0,2020-03-25
2426,18,0,2020-03-25
2427,19,0,2020-03-25
2428,20,3,2020-03-25
2429,21,6,2020-03-25
2430,22,2,2020-03-25
2431,23,11,2020-03-25
2432,24,0,2020-03-25
2433,25,8,2020-03-25
2434,26,3,2020-03-25
2435,27,3,2020-03-25
2436,28,0,2020-03-25
2437,29,0,2020-03-25
2438,30,2,2020-03-25
2439,31,3,2020-03-25
2440,32,0,2020-03-25
2441,0,141,2020-03-25
2442,1,3,2020-03-26
2443,2,11,2020-03-26
2444,3,2,2020-03-26
2445,4,1,2020-03-26
2446,7,0,2020-03-26
2447,8,2,2020-03-26
2448,9,51,2020-03-26
2449,5,3,2020-03-26
2450,6,0,2020-03-26
2451,10,0,2020-03-26
2452,11,6,2020-03-26
2453,12,5,2020-03-26
2454,13,4,2020-03-26
2455,14,6,2020-03-26
2456,15,28,2020-03-26
2457,16,3,2020-03-26
2458,17,0,2020-03-26
2459,18,0,2020-03-26
2460,19,2,2020-03-26
2461,20,3,2020-03-26
2462,21,14,2020-03-26
2463,22,1,2020-03-26
2464,23,9,2020-03-26
2465,24,1,2020-03-26
2466,25,9,2020-03-26
2467,26,1,2020-03-26
2468,27,5,2020-03-26
2469,28,0,2020-03-26
2470,29,0,2020-03-26
2471,30,5,2020-03-26
2472,31,0,2020-03-26
2473,32,0,2020-03-26
2474,0,175,2020-03-26
2475,1,6,2020-03-27
2476,2,16,2020-03-27
2477,3,4,2020-03-27
2478,4,3,2020-03-27
2479,7,5,2020-03-27
2480,8,2,2020-03-27
2481,9,39,2020-03-27
2482,5,4,2020-03-27
2483,6,0,2020-03-27
2484,10,0,2020-03-27
2485,11,5,2020-03-27
2486,12,3,2020-03-27
2487,13,4,2020-03-27
2488,14,7,2020-03-27
2489,15,43,2020-03-27
2490,16,1,2020-03-27
2491,17,0,2020-03-27
2492,18,0,2020-03-27
2493,19,8,2020-03-27
2494,20,1,2020-03-27
2495,21,9,2020-03-27
2496,22,4,2020-03-27
2497,23,7,2020-03-27
2498,24,6,2020-03-27
2499,25,9,2020-03-27
2500,26,5,2020-03-27
2501,27,11,2020-03-27
2502,28,1,2020-03-27
2503,29,1,2020-03-27
2504,30,1,2020-03-27
2505,31,2,2020-03-27
2506,32,4,2020-03-27
2507,0,211,2020-03-27
2508,1,5,2020-03-28
2509,2,7,2020-03-28
2510,3,4,2020-03-28
2511,4,0,2020-03-28
2512,7,1,2020-03-28
2513,8,2,2020-03-28
2514,9,49,2020-03-28
2515,5,4,2020-03-28
2516,6,0,2020-03-28
2517,10,0,2020-03-28
2518,11,4,2020-03-28
2519,12,3,2020-03-28
2520,13,0,2020-03-28
2521,14,2,2020-03-28
2522,15,27,2020-03-28
2523,16,1,2020-03-28
2524,17,3,2020-03-28
2525,18,1,2020-03-28
2526,19,2,2020-03-28
2527,20,1,2020-03-28
2528,21,13,2020-03-28
2529,22,2,2020-03-28
2530,23,7,2020-03-28
2531,24,0,2020-03-28
2532,25,5,2020-03-28
2533,26,4,2020-03-28
2534,27,1,2020-03-28
2535,28,3,2020-03-28
2536,29,2,2020-03-28
2537,30,1,2020-03-28
2538,31,4,2020-03-28
2539,32,0,2020-03-28
2540,0,158,2020-03-28
2541,1,3,2020-03-29
2542,2,21,2020-03-29
2543,3,1,2020-03-29
2544,4,1,2020-03-29
2545,7,0,2020-03-29
2546,8,5,2020-03-29
2547,9,35,2020-03-29
2548,5,8,2020-03-29
2549,6,0,2020-03-29
2550,10,0,2020-03-29
2551,11,1,2020-03-29
2552,12,1,2020-03-29
2553,13,2,2020-03-29
2554,14,2,2020-03-29
2555,15,18,2020-03-29
2556,16,3,2020-03-29
2557,17,1,2020-03-29
2558,18,0,2020-03-29
2559,19,3,2020-03-29
2560,20,2,2020-03-29
2561,21,4,2020-03-29
2562,22,1,2020-03-29
2563,23,3,2020-03-29
2564,24,6,2020-03-29
2565,25,6,2020-03-29
2566,26,0,2020-03-29
2567,27,9,2020-03-29
2568,28,3,2020-03-29
2569,29,0,2020-03-29
2570,30,1,2020-03-29
2571,31,2,2020-03-29
2572,32,0,2020-03-29
2573,0,142,2020-03-29
2574,1,4,2020-03-30
2575,2,29,2020-03-30
2576,3,13,2020-03-30
2577,4,0,2020-03-30
2578,7,1,2020-03-30
2579,8,3,2020-03-30
2580,9,77,2020-03-30
2581,5,18,2020-03-30
2582,6,1,2020-03-30
2583,10,2,2020-03-30
2584,11,4,2020-03-30
2585,12,2,2020-03-30
2586,13,7,2020-03-30
2587,14,7,2020-03-30
2588,15,50,2020-03-30
2589,16,0,2020-03-30
2590,17,1,2020-03-30
2591,18,0,2020-03-30
2592,19,4,2020-03-30
2593,20,2,2020-03-30
2594,21,14,2020-03-30
2595,22,1,2020-03-30
2596,23,21,2020-03-30
2597,24,3,2020-03-30
2598,25,11,2020-03-30
2599,26,1,2020-03-30
2600,27,10,2020-03-30
2601,28,4,2020-03-30
2602,29,1,2020-03-30
2603,30,3,2020-03-30
2604,31,10,2020-03-30
2605,32,0,2020-03-30
2606,0,304,2020-03-30
2607,1,1,2020-03-31
2608,2,45,2020-03-31
2609,3,7,2020-03-31
2610,4,0,2020-03-31
2611,7,2,2020-03-31
2612,8,5,2020-03-31
2613,9,51,2020-03-31
2614,5,14,2020-03-31
2615,6,1,2020-03-31
2616,10,2,2020-03-31
2617,11,2,2020-03-31
2618,12,4,2020-03-31
2619,13,7,2020-03-31
2620,14,7,2020-03-31
2621,15,33,2020-03-31
2622,16,4,2020-03-31
2623,17,1,2020-03-31
2624,18,2,2020-03-31
2625,19,0,2020-03-31
2626,20,6,2020-03-31
2627,21,21,2020-03-31
2628,22,4,2020-03-31
2629,23,14,2020-03-31
2630,24,2,2020-03-31
2631,25,15,2020-03-31
2632,26,5,2020-03-31
2633,27,11,2020-03-31
2634,28,5,2020-03-31
2635,29,0,2020-03-31
2636,30,2,2020-03-31
2637,31,4,2020-03-31
2638,32,0,2020-03-31
2639,0,277,2020-03-31
2640,1,0,2020-04-01
2641,2,65,2020-04-01
2642,3,5,2020-04-01
2643,4,0,2020-04-01
2644,7,4,2020-04-01
2645,8,7,2020-04-01
2646,9,55,2020-04-01
2647,5,17,2020-04-01
2648,6,2,2020-04-01
2649,10,1,2020-04-01
2650,11,1,2020-04-01
2651,12,3,2020-04-01
2652,13,5,2020-04-01
2653,14,2,2020-04-01
2654,15,51,2020-04-01
2655,16,4,2020-04-01
2656,17,3,2020-04-01
2657,18,0,2020-04-01
2658,19,0,2020-04-01
2659,20,1,2020-04-01
2660,21,13,2020-04-01
2661,22,3,2020-04-01
2662,23,23,2020-04-01
2663,24,0,2020-04-01
2664,25,14,2020-04-01
2665,26,1,2020-04-01
2666,27,9,2020-04-01
2667,28,8,2020-04-01
2668,29,4,2020-04-01
2669,30,9,2020-04-01
2670,31,8,2020-04-01
2671,32,0,2020-04-01
2672,0,318,2020-04-01
2673,1,0,2020-04-02
2674,2,29,2020-04-02
2675,3,11,2020-04-02
2676,4,2,2020-04-02
2677,7,2,2020-04-02
2678,8,6,2020-04-02
2679,9,71,2020-04-02
2680,5,18,2020-04-02
2681,6,0,2020-04-02
2682,10,0,2020-04-02
2683,11,2,2020-04-02
2684,12,1,2020-04-02
2685,13,1,2020-04-02
2686,14,8,2020-04-02
2687,15,48,2020-04-02
2688,16,0,2020-04-02
2689,17,8,2020-04-02
2690,18,0,2020-04-02
2691,19,5,2020-04-02
2692,20,0,2020-04-02
2693,21,18,2020-04-02
2694,22,1,2020-04-02
2695,23,11,2020-04-02
2696,24,0,2020-04-02
2697,25,28,2020-04-02
2698,26,3,2020-04-02
2699,27,15,2020-04-02
2700,28,1,2020-04-02
2701,29,1,2020-04-02
2702,30,6,2020-04-02
2703,31,2,2020-04-02
2704,32,1,2020-04-02
2705,0,299,2020-04-02
2706,1,2,2020-04-03
2707,2,38,2020-04-03
2708,3,16,2020-04-03
2709,4,1,2020-04-03
2710,7,5,2020-04-03
2711,8,6,2020-04-03
2712,9,80,2020-04-03
2713,5,22,2020-04-03
2714,6,0,2020-04-03
2715,10,0,2020-04-03
2716,11,5,2020-04-03
2717,12,1,2020-04-03
2718,13,3,2020-04-03
2719,14,10,2020-04-03
2720,15,49,2020-04-03
2721,16,6,2020-04-03
2722,17,1,2020-04-03
2723,18,1,2020-04-03
2724,19,2,2020-04-03
2725,20,3,2020-04-03
2726,21,13,2020-04-03
2727,22,4,2020-04-03
2728,23,13,2020-04-03
2729,24,0,2020-04-03
2730,25,10,2020-04-03
2731,26,1,2020-04-03
2732,27,20,2020-04-03
2733,28,9,2020-04-03
2734,29,0,2020-04-03
2735,30,8,2020-04-03
2736,31,8,2020-04-03
2737,32,0,2020-04-03
2738,0,337,2020-04-03
2739,1,0,2020-04-04
2740,2,24,2020-04-04
2741,3,6,2020-04-04
2742,4,0,2020-04-04
2743,7,1,2020-04-04
2744,8,8,2020-04-04
2745,9,56,2020-04-04
2746,5,11,2020-04-04
2747,6,0,2020-04-04
2748,10,0,2020-04-04
2749,11,3,2020-04-04
2750,12,2,2020-04-04
2751,13,2,2020-04-04
2752,14,2,2020-04-04
2753,15,34,2020-04-04
2754,16,2,2020-04-04
2755,17,3,2020-04-04
2756,18,4,2020-04-04
2757,19,3,2020-04-04
2758,20,2,2020-04-04
2759,21,10,2020-04-04
2760,22,1,2020-04-04
2761,23,9,2020-04-04
2762,24,3,2020-04-04
2763,25,12,2020-04-04
2764,26,7,2020-04-04
2765,27,3,2020-04-04
2766,28,3,2020-04-04
2767,29,2,2020-04-04
2768,30,2,2020-04-04
2769,31,2,2020-04-04
2770,32,1,2020-04-04
2771,0,218,2020-04-04
2772,1,3,2020-04-05
2773,2,20,2020-04-05
2774,3,5,2020-04-05
2775,4,3,2020-04-05
2776,7,1,2020-04-05
2777,8,12,2020-04-05
2778,9,54,2020-04-05
2779,5,4,2020-04-05
2780,6,0,2020-04-05
2781,10,0,2020-04-05
2782,11,3,2020-04-05
2783,12,3,2020-04-05
2784,13,2,2020-04-05
2785,14,2,2020-04-05
2786,15,40,2020-04-05
2787,16,2,2020-04-05
2788,17,3,2020-04-05
2789,18,2,2020-04-05
2790,19,1,2020-04-05
2791,20,2,2020-04-05
2792,21,6,2020-04-05
2793,22,0,2020-04-05
2794,23,10,2020-04-05
2795,24,2,2020-04-05
2796,25,15,2020-04-05
2797,26,2,2020-04-05
2798,27,9,2020-04-05
2799,28,4,2020-04-05
2800,29,6,2020-04-05
2801,30,2,2020-04-05
2802,31,5,2020-04-05
2803,32,1,2020-04-05
2804,0,224,2020-04-05
2805,1,4,2020-04-06
2806,2,67,2020-04-06
2807,3,23,2020-04-06
2808,4,2,2020-04-06
2809,7,5,2020-04-06
2810,8,10,2020-04-06
2811,9,117,2020-04-06
2812,5,26,2020-04-06
2813,6,0,2020-04-06
2814,10,1,2020-04-06
2815,11,7,2020-04-06
2816,12,8,2020-04-06
2817,13,3,2020-04-06
2818,14,3,2020-04-06
2819,15,83,2020-04-06
2820,16,6,2020-04-06
2821,17,8,2020-04-06
2822,18,2,2020-04-06
2823,19,10,2020-04-06
2824,20,5,2020-04-06
2825,21,22,2020-04-06
2826,22,4,2020-04-06
2827,23,32,2020-04-06
2828,24,3,2020-04-06
2829,25,27,2020-04-06
2830,26,11,2020-04-06
2831,27,7,2020-04-06
2832,28,10,2020-04-06
2833,29,8,2020-04-06
2834,30,6,2020-04-06
2835,31,12,2020-04-06
2836,32,1,2020-04-06
2837,0,533,2020-04-06
2838,1,1,2020-04-07
2839,2,40,2020-04-07
2840,3,24,2020-04-07
2841,4,0,2020-04-07
2842,7,2,2020-04-07
2843,8,7,2020-04-07
2844,9,126,2020-04-07
2845,5,8,2020-04-07
2846,6,0,2020-04-07
2847,10,0,2020-04-07
2848,11,6,2020-04-07
2849,12,11,2020-04-07
2850,13,3,2020-04-07
2851,14,6,2020-04-07
2852,15,71,2020-04-07
2853,16,6,2020-04-07
2854,17,6,2020-04-07
2855,18,2,2020-04-07
2856,19,7,2020-04-07
2857,20,0,2020-04-07
2858,21,12,2020-04-07
2859,22,5,2020-04-07
2860,23,20,2020-04-07
2861,24,6,2020-04-07
2862,25,20,2020-04-07
2863,26,10,2020-04-07
2864,27,13,2020-04-07
2865,28,5,2020-04-07
2866,29,7,2020-04-07
2867,30,11,2020-04-07
2868,31,13,2020-04-07
2869,32,0,2020-04-07
2870,0,448,2020-04-07
2871,1,1,2020-04-08
2872,2,59,2020-04-08
2873,3,24,2020-04-08
2874,4,0,2020-04-08
2875,7,5,2020-04-08
2876,8,10,2020-04-08
2877,9,125,2020-04-08
2878,5,18,2020-04-08
2879,6,0,2020-04-08
2880,10,0,2020-04-08
2881,11,8,2020-04-08
2882,12,6,2020-04-08
2883,13,1,2020-04-08
2884,14,9,2020-04-08
2885,15,88,2020-04-08
2886,16,4,2020-04-08
2887,17,6,2020-04-08
2888,18,2,2020-04-08
2889,19,9,2020-04-08
2890,20,5,2020-04-08
2891,21,20,2020-04-08
2892,22,3,2020-04-08
2893,23,26,2020-04-08
2894,24,4,2020-04-08
2895,25,29,2020-04-08
2896,26,11,2020-04-08
2897,27,17,2020-04-08
2898,28,3,2020-04-08
2899,29,6,2020-04-08
2900,30,5,2020-04-08
2901,31,9,2020-04-08
2902,32,2,2020-04-08
2903,0,515,2020-04-08
2904,1,0,2020-04-09
2905,2,59,2020-04-09
2906,3,25,2020-04-09
2907,4,2,2020-04-09
2908,7,3,2020-04-09
2909,8,7,2020-04-09
2910,9,127,2020-04-09
2911,5,7,2020-04-09
2912,6,0,2020-04-09
2913,10,1,2020-04-09
2914,11,2,2020-04-09
2915,12,7,2020-04-09
2916,13,0,2020-04-09
2917,14,5,2020-04-09
2918,15,56,2020-04-09
2919,16,9,2020-04-09
2920,17,7,2020-04-09
2921,18,2,2020-04-09
2922,19,1,2020-04-09
2923,20,1,2020-04-09
2924,21,11,2020-04-09
2925,22,3,2020-04-09
2926,23,8,2020-04-09
2927,24,4,2020-04-09
2928,25,12,2020-04-09
2929,26,5,2020-04-09
2930,27,11,2020-04-09
2931,28,5,2020-04-09
2932,29,1,2020-04-09
2933,30,12,2020-04-09
2934,31,11,2020-04-09
2935,32,2,2020-04-09
2936,0,406,2020-04-09
2937,1,2,2020-04-10
2938,2,48,2020-04-10
2939,3,9,2020-04-10
2940,4,1,2020-04-10
2941,7,3,2020-04-10
2942,8,12,2020-04-10
2943,9,147,2020-04-10
2944,5,11,2020-04-10
2945,6,0,2020-04-10
2946,10,0,2020-04-10
2947,11,2,2020-04-10
2948,12,5,2020-04-10
2949,13,7,2020-04-10
2950,14,8,2020-04-10
2951,15,88,2020-04-10
2952,16,3,2020-04-10
2953,17,2,2020-04-10
2954,18,0,2020-04-10
2955,19,21,2020-04-10
2956,20,2,2020-04-10
2957,21,8,2020-04-10
2958,22,2,2020-04-10
2959,23,22,2020-04-10
2960,24,1,2020-04-10
2961,25,33,2020-04-10
2962,26,5,2020-04-10
2963,27,15,2020-04-10
2964,28,9,2020-04-10
2965,29,5,2020-04-10
2966,30,9,2020-04-10
2967,31,4,2020-04-10
2968,32,0,2020-04-10
2969,0,484,2020-04-10
2970,1,1,2020-04-11
2971,2,34,2020-04-11
2972,3,7,2020-04-11
2973,4,5,2020-04-11
2974,7,1,2020-04-11
2975,8,12,2020-04-11
2976,9,112,2020-04-11
2977,5,7,2020-04-11
2978,6,1,2020-04-11
2979,10,1,2020-04-11
2980,11,4,2020-04-11
2981,12,5,2020-04-11
2982,13,3,2020-04-11
2983,14,5,2020-04-11
2984,15,76,2020-04-11
2985,16,2,2020-04-11
2986,17,2,2020-04-11
2987,18,2,2020-04-11
2988,19,8,2020-04-11
2989,20,1,2020-04-11
2990,21,14,2020-04-11
2991,22,3,2020-04-11
2992,23,17,2020-04-11
2993,24,3,2020-04-11
2994,25,23,2020-04-11
2995,26,5,2020-04-11
2996,27,19,2020-04-11
2997,28,4,2020-04-11
2998,29,6,2020-04-11
2999,30,14,2020-04-11
3000,31,6,2020-04-11
3001,32,2,2020-04-11
3002,0,405,2020-04-11
3003,1,2,2020-04-12
3004,2,44,2020-04-12
3005,3,5,2020-04-12
3006,4,2,2020-04-12
3007,7,0,2020-04-12
3008,8,9,2020-04-12
3009,9,114,2020-04-12
3010,5,6,2020-04-12
3011,6,2,2020-04-12
3012,10,0,2020-04-12
3013,11,1,2020-04-12
3014,12,12,2020-04-12
3015,13,5,2020-04-12
3016,14,5,2020-04-12
3017,15,85,2020-04-12
3018,16,4,2020-04-12
3019,17,4,2020-04-12
3020,18,4,2020-04-12
3021,19,15,2020-04-12
3022,20,2,2020-04-12
3023,21,4,2020-04-12
3024,22,1,2020-04-12
3025,23,22,2020-04-12
3026,24,0,2020-04-12
3027,25,22,2020-04-12
3028,26,3,2020-04-12
3029,27,27,2020-04-12
3030,28,9,2020-04-12
3031,29,2,2020-04-12
3032,30,9,2020-04-12
3033,31,7,2020-04-12
3034,32,1,2020-04-12
3035,0,428,2020-04-12
3036,1,7,2020-04-13
3037,2,81,2020-04-13
3038,3,14,2020-04-13
3039,4,2,2020-04-13
3040,7,5,2020-04-13
3041,8,16,2020-04-13
3042,9,266,2020-04-13
3043,5,15,2020-04-13
3044,6,0,2020-04-13
3045,10,0,2020-04-13
3046,11,4,2020-04-13
3047,12,17,2020-04-13
3048,13,7,2020-04-13
3049,14,10,2020-04-13
3050,15,153,2020-04-13
3051,16,12,2020-04-13
3052,17,9,2020-04-13
3053,18,4,2020-04-13
3054,19,20,2020-04-13
3055,20,5,2020-04-13
3056,21,21,2020-04-13
3057,22,8,2020-04-13
3058,23,22,2020-04-13
3059,24,1,2020-04-13
3060,25,46,2020-04-13
3061,26,16,2020-04-13
3062,27,30,2020-04-13
3063,28,13,2020-04-13
3064,29,5,2020-04-13
3065,30,14,2020-04-13
3066,31,18,2020-04-13
3067,32,0,2020-04-13
3068,0,841,2020-04-13
3069,1,2,2020-04-14
3070,2,103,2020-04-14
3071,3,17,2020-04-14
3072,4,4,2020-04-14
3073,7,5,2020-04-14
3074,8,11,2020-04-14
3075,9,246,2020-04-14
3076,5,16,2020-04-14
3077,6,0,2020-04-14
3078,10,0,2020-04-14
3079,11,4,2020-04-14
3080,12,7,2020-04-14
3081,13,9,2020-04-14
3082,14,4,2020-04-14
3083,15,159,2020-04-14
3084,16,16,2020-04-14
3085,17,10,2020-04-14
3086,18,2,2020-04-14
3087,19,18,2020-04-14
3088,20,4,2020-04-14
3089,21,14,2020-04-14
3090,22,8,2020-04-14
3091,23,18,2020-04-14
3092,24,1,2020-04-14
3093,25,49,2020-04-14
3094,26,6,2020-04-14
3095,27,47,2020-04-14
3096,28,19,2020-04-14
3097,29,7,2020-04-14
3098,30,13,2020-04-14
3099,31,18,2020-04-14
3100,32,1,2020-04-14
3101,0,838,2020-04-14
3102,1,11,2020-04-15
3103,2,101,2020-04-15
3104,3,5,2020-04-15
3105,4,3,2020-04-15
3106,7,6,2020-04-15
3107,8,16,2020-04-15
3108,9,225,2020-04-15
3109,5,16,2020-04-15
3110,6,1,2020-04-15
3111,10,2,2020-04-15
3112,11,13,2020-04-15
3113,12,4,2020-04-15
3114,13,4,2020-04-15
3115,14,11,2020-04-15
3116,15,175,2020-04-15
3117,16,9,2020-04-15
3118,17,10,2020-04-15
3119,18,2,2020-04-15
3120,19,6,2020-04-15
3121,20,7,2020-04-15
3122,21,24,2020-04-15
3123,22,2,2020-04-15
3124,23,21,2020-04-15
3125,24,2,2020-04-15
3126,25,48,2020-04-15
3127,26,13,2020-04-15
3128,27,38,2020-04-15
3129,28,16,2020-04-15
3130,29,4,2020-04-15
3131,30,30,2020-04-15
3132,31,26,2020-04-15
3133,32,6,2020-04-15
3134,0,857,2020-04-15
3135,1,6,2020-04-16
3136,2,86,2020-04-16
3137,3,9,2020-04-16
3138,4,4,2020-04-16
3139,7,3,2020-04-16
3140,8,24,2020-04-16
3141,9,246,2020-04-16
3142,5,4,2020-04-16
3143,6,2,2020-04-16
3144,10,2,2020-04-16
3145,11,14,2020-04-16
3146,12,11,2020-04-16
3147,13,5,2020-04-16
3148,14,8,2020-04-16
3149,15,181,2020-04-16
3150,16,8,2020-04-16
3151,17,8,2020-04-16
3152,18,3,2020-04-16
3153,19,12,2020-04-16
3154,20,5,2020-04-16
3155,21,19,2020-04-16
3156,22,6,2020-04-16
3157,23,32,2020-04-16
3158,24,2,2020-04-16
3159,25,40,2020-04-16
3160,26,8,2020-04-16
3161,27,44,2020-04-16
3162,28,28,2020-04-16
3163,29,7,2020-04-16
3164,30,39,2020-04-16
3165,31,12,2020-04-16
3166,32,3,2020-04-16
3167,0,881,2020-04-16
3168,1,15,2020-04-17
3169,2,95,2020-04-17
3170,3,6,2020-04-17
3171,4,3,2020-04-17
3172,7,10,2020-04-17
3173,8,16,2020-04-17
3174,9,327,2020-04-17
3175,5,9,2020-04-17
3176,6,2,2020-04-17
3177,10,0,2020-04-17
3178,11,28,2020-04-17
3179,12,13,2020-04-17
3180,13,9,2020-04-17
3181,14,14,2020-04-17
3182,15,155,2020-04-17
3183,16,14,2020-04-17
3184,17,11,2020-04-17
3185,18,4,2020-04-17
3186,19,9,2020-04-17
3187,20,8,2020-04-17
3188,21,29,2020-04-17
3189,22,5,2020-04-17
3190,23,34,2020-04-17
3191,24,7,2020-04-17
3192,25,38,2020-04-17
3193,26,10,2020-04-17
3194,27,57,2020-04-17
3195,28,31,2020-04-17
3196,29,6,2020-04-17
3197,30,35,2020-04-17
3198,31,15,2020-04-17
3199,32,2,2020-04-17
3200,0,1017,2020-04-17
3201,1,12,2020-04-18
3202,2,46,2020-04-18
3203,3,4,2020-04-18
3204,4,6,2020-04-18
3205,7,4,2020-04-18
3206,8,15,2020-04-18
3207,9,197,2020-04-18
3208,5,7,2020-04-18
3209,6,1,2020-04-18
3210,10,2,2020-04-18
3211,11,10,2020-04-18
3212,12,8,2020-04-18
3213,13,6,2020-04-18
3214,14,7,2020-04-18
3215,15,160,2020-04-18
3216,16,7,2020-04-18
3217,17,9,2020-04-18
3218,18,3,2020-04-18
3219,19,6,2020-04-18
3220,20,6,2020-04-18
3221,21,23,2020-04-18
3222,22,2,2020-04-18
3223,23,42,2020-04-18
3224,24,1,2020-04-18
3225,25,30,2020-04-18
3226,26,14,2020-04-18
3227,27,48,2020-04-18
3228,28,14,2020-04-18
3229,29,4,2020-04-18
3230,30,18,2020-04-18
3231,31,6,2020-04-18
3232,32,7,2020-04-18
3233,0,725,2020-04-18
3234,1,3,2020-04-19
3235,2,41,2020-04-19
3236,3,8,2020-04-19
3237,4,2,2020-04-19
3238,7,7,2020-04-19
3239,8,15,2020-04-19
3240,9,185,2020-04-19
3241,5,9,2020-04-19
3242,6,1,2020-04-19
3243,10,10,2020-04-19
3244,11,10,2020-04-19
3245,12,6,2020-04-19
3246,13,14,2020-04-19
3247,14,3,2020-04-19
3248,15,153,2020-04-19
3249,16,8,2020-04-19
3250,17,17,2020-04-19
3251,18,2,2020-04-19
3252,19,2,2020-04-19
3253,20,3,2020-04-19
3254,21,17,2020-04-19
3255,22,2,2020-04-19
3256,23,23,2020-04-19
3257,24,0,2020-04-19
3258,25,32,2020-04-19
3259,26,7,2020-04-19
3260,27,41,2020-04-19
3261,28,8,2020-04-19
3262,29,10,2020-04-19
3263,30,18,2020-04-19
3264,31,6,2020-04-19
3265,32,1,2020-04-19
3266,0,664,2020-04-19
3267,1,17,2020-04-20
3268,2,108,2020-04-20
3269,3,7,2020-04-20
3270,4,5,2020-04-20
3271,7,9,2020-04-20
3272,8,32,2020-04-20
3273,9,439,2020-04-20
3274,5,9,2020-04-20
3275,6,1,2020-04-20
3276,10,4,2020-04-20
3277,11,14,2020-04-20
3278,12,16,2020-04-20
3279,13,16,2020-04-20
3280,14,9,2020-04-20
3281,15,255,2020-04-20
3282,16,28,2020-04-20
3283,17,27,2020-04-20
3284,18,1,2020-04-20
3285,19,11,2020-04-20
3286,20,6,2020-04-20
3287,21,28,2020-04-20
3288,22,6,2020-04-20
3289,23,43,2020-04-20
3290,24,1,2020-04-20
3291,25,62,2020-04-20
3292,26,7,2020-04-20
3293,27,73,2020-04-20
3294,28,25,2020-04-20
3295,29,8,2020-04-20
3296,30,35,2020-04-20
3297,31,26,2020-04-20
3298,32,9,2020-04-20
3299,0,1337,2020-04-20
3300,1,13,2020-04-21
3301,2,102,2020-04-21
3302,3,12,2020-04-21
3303,4,7,2020-04-21
3304,7,9,2020-04-21
3305,8,25,2020-04-21
3306,9,429,2020-04-21
3307,5,19,2020-04-21
3308,6,1,2020-04-21
3309,10,4,2020-04-21
3310,11,10,2020-04-21
3311,12,7,2020-04-21
3312,13,10,2020-04-21
3313,14,16,2020-04-21
3314,15,270,2020-04-21
3315,16,12,2020-04-21
3316,17,17,2020-04-21
3317,18,4,2020-04-21
3318,19,17,2020-04-21
3319,20,4,2020-04-21
3320,21,21,2020-04-21
3321,22,2,2020-04-21
3322,23,42,2020-04-21
3323,24,3,2020-04-21
3324,25,46,2020-04-21
3325,26,14,2020-04-21
3326,27,83,2020-04-21
3327,28,18,2020-04-21
3328,29,10,2020-04-21
3329,30,45,2020-04-21
3330,31,20,2020-04-21
3331,32,2,2020-04-21
3332,0,1294,2020-04-21
3333,1,10,2020-04-22
3334,2,89,2020-04-22
3335,3,4,2020-04-22
3336,4,6,2020-04-22
3337,7,11,2020-04-22
3338,8,30,2020-04-22
3339,9,398,2020-04-22
3340,5,14,2020-04-22
3341,6,1,2020-04-22
3342,10,2,2020-04-22
3343,11,13,2020-04-22
3344,12,13,2020-04-22
3345,13,16,2020-04-22
3346,14,25,2020-04-22
3347,15,243,2020-04-22
3348,16,12,2020-04-22
3349,17,28,2020-04-22
3350,18,4,2020-04-22
3351,19,16,2020-04-22
3352,20,10,2020-04-22
3353,21,27,2020-04-22
3354,22,7,2020-04-22
3355,23,34,2020-04-22
3356,24,3,2020-04-22
3357,25,48,2020-04-22
3358,26,17,2020-04-22
3359,27,65,2020-04-22
3360,28,28,2020-04-22
3361,29,7,2020-04-22
3362,30,30,2020-04-22
3363,31,22,2020-04-22
3364,32,2,2020-04-22
3365,0,1235,2020-04-22
3366,1,20,2020-04-23
3367,2,108,2020-04-23
3368,3,9,2020-04-23
3369,4,7,2020-04-23
3370,7,15,2020-04-23
3371,8,47,2020-04-23
3372,9,341,2020-04-23
3373,5,10,2020-04-23
3374,6,3,2020-04-23
3375,10,2,2020-04-23
3376,11,9,2020-04-23
3377,12,19,2020-04-23
3378,13,19,2020-04-23
3379,14,19,2020-04-23
3380,15,257,2020-04-23
3381,16,19,2020-04-23
3382,17,28,2020-04-23
3383,18,6,2020-04-23
3384,19,6,2020-04-23
3385,20,8,2020-04-23
3386,21,29,2020-04-23
3387,22,9,2020-04-23
3388,23,47,2020-04-23
3389,24,5,2020-04-23
3390,25,69,2020-04-23
3391,26,6,2020-04-23
3392,27,63,2020-04-23
3393,28,33,2020-04-23
3394,29,12,2020-04-23
3395,30,51,2020-04-23
3396,31,34,2020-04-23
3397,32,8,2020-04-23
3398,0,1318,2020-04-23
3399,1,11,2020-04-24
3400,2,85,2020-04-24
3401,3,13,2020-04-24
3402,4,5,2020-04-24
3403,7,13,2020-04-24
3404,8,37,2020-04-24
3405,9,503,2020-04-24
3406,5,14,2020-04-24
3407,6,2,2020-04-24
3408,10,2,2020-04-24
3409,11,12,2020-04-24
3410,12,23,2020-04-24
3411,13,16,2020-04-24
3412,14,32,2020-04-24
3413,15,303,2020-04-24
3414,16,22,2020-04-24
3415,17,27,2020-04-24
3416,18,4,2020-04-24
3417,19,6,2020-04-24
3418,20,15,2020-04-24
3419,21,37,2020-04-24
3420,22,10,2020-04-24
3421,23,23,2020-04-24
3422,24,4,2020-04-24
3423,25,74,2020-04-24
3424,26,19,2020-04-24
3425,27,63,2020-04-24
3426,28,25,2020-04-24
3427,29,15,2020-04-24
3428,30,48,2020-04-24
3429,31,33,2020-04-24
3430,32,5,2020-04-24
3431,0,1501,2020-04-24
3432,1,1,2020-04-25
3433,2,44,2020-04-25
3434,3,5,2020-04-25
3435,4,6,2020-04-25
3436,7,9,2020-04-25
3437,8,24,2020-04-25
3438,9,242,2020-04-25
3439,5,3,2020-04-25
3440,6,1,2020-04-25
3441,10,5,2020-04-25
3442,11,11,2020-04-25
3443,12,12,2020-04-25
3444,13,23,2020-04-25
3445,14,9,2020-04-25
3446,15,190,2020-04-25
3447,16,27,2020-04-25
3448,17,13,2020-04-25
3449,18,3,2020-04-25
3450,19,5,2020-04-25
3451,20,7,2020-04-25
3452,21,39,2020-04-25
3453,22,0,2020-04-25
3454,23,30,2020-04-25
3455,24,7,2020-04-25
3456,25,45,2020-04-25
3457,26,9,2020-04-25
3458,27,42,2020-04-25
3459,28,38,2020-04-25
3460,29,21,2020-04-25
3461,30,45,2020-04-25
3462,31,24,2020-04-25
3463,32,4,2020-04-25
3464,0,944,2020-04-25
3465,1,7,2020-04-26
3466,2,64,2020-04-26
3467,3,7,2020-04-26
3468,4,8,2020-04-26
3469,7,12,2020-04-26
3470,8,21,2020-04-26
3471,9,221,2020-04-26
3472,5,3,2020-04-26
3473,6,0,2020-04-26
3474,10,7,2020-04-26
3475,11,7,2020-04-26
3476,12,17,2020-04-26
3477,13,17,2020-04-26
3478,14,9,2020-04-26
3479,15,199,2020-04-26
3480,16,20,2020-04-26
3481,17,26,2020-04-26
3482,18,6,2020-04-26
3483,19,9,2020-04-26
3484,20,13,2020-04-26
3485,21,23,2020-04-26
3486,22,2,2020-04-26
3487,23,32,2020-04-26
3488,24,3,2020-04-26
3489,25,38,2020-04-26
3490,26,15,2020-04-26
3491,27,40,2020-04-26
3492,28,34,2020-04-26
3493,29,13,2020-04-26
3494,30,29,2020-04-26
3495,31,20,2020-04-26
3496,32,3,2020-04-26
3497,0,925,2020-04-26
3498,1,15,2020-04-27
3499,2,108,2020-04-27
3500,3,10,2020-04-27
3501,4,4,2020-04-27
3502,7,21,2020-04-27
3503,8,50,2020-04-27
3504,9,475,2020-04-27
3505,5,24,2020-04-27
3506,6,2,2020-04-27
3507,10,5,2020-04-27
3508,11,26,2020-04-27
3509,12,24,2020-04-27
3510,13,24,2020-04-27
3511,14,22,2020-04-27
3512,15,333,2020-04-27
3513,16,32,2020-04-27
3514,17,45,2020-04-27
3515,18,11,2020-04-27
3516,19,20,2020-04-27
3517,20,9,2020-04-27
3518,21,31,2020-04-27
3519,22,3,2020-04-27
3520,23,44,2020-04-27
3521,24,15,2020-04-27
3522,25,74,2020-04-27
3523,26,32,2020-04-27
3524,27,58,2020-04-27
3525,28,24,2020-04-27
3526,29,15,2020-04-27
3527,30,68,2020-04-27
3528,31,37,2020-04-27
3529,32,4,2020-04-27
3530,0,1665,2020-04-27
3531,1,27,2020-04-28
3532,2,94,2020-04-28
3533,3,4,2020-04-28
3534,4,6,2020-04-28
3535,7,9,2020-04-28
3536,8,50,2020-04-28
3537,9,529,2020-04-28
3538,5,16,2020-04-28
3539,6,0,2020-04-28
3540,10,3,2020-04-28
3541,11,17,2020-04-28
3542,12,25,2020-04-28
3543,13,24,2020-04-28
3544,14,14,2020-04-28
3545,15,327,2020-04-28
3546,16,29,2020-04-28
3547,17,25,2020-04-28
3548,18,13,2020-04-28
3549,19,28,2020-04-28
3550,20,17,2020-04-28
3551,21,42,2020-04-28
3552,22,8,2020-04-28
3553,23,42,2020-04-28
3554,24,17,2020-04-28
3555,25,49,2020-04-28
3556,26,15,2020-04-28
3557,27,57,2020-04-28
3558,28,40,2020-04-28
3559,29,25,2020-04-28
3560,30,75,2020-04-28
3561,31,42,2020-04-28
3562,32,10,2020-04-28
3563,0,1679,2020-04-28
3564,1,17,2020-04-29
3565,2,103,2020-04-29
3566,3,4,2020-04-29
3567,4,8,2020-04-29
3568,7,18,2020-04-29
3569,8,54,2020-04-29
3570,9,558,2020-04-29
3571,5,13,2020-04-29
3572,6,0,2020-04-29
3573,10,8,2020-04-29
3574,11,14,2020-04-29
3575,12,31,2020-04-29
3576,13,23,2020-04-29
3577,14,21,2020-04-29
3578,15,311,2020-04-29
3579,16,23,2020-04-29
3580,17,39,2020-04-29
3581,18,5,2020-04-29
3582,19,23,2020-04-29
3583,20,12,2020-04-29
3584,21,43,2020-04-29
3585,22,11,2020-04-29
3586,23,37,2020-04-29
3587,24,9,2020-04-29
3588,25,57,2020-04-29
3589,26,18,2020-04-29
3590,27,50,2020-04-29
3591,28,35,2020-04-29
3592,29,8,2020-04-29
3593,30,74,2020-04-29
3594,31,32,2020-04-29
3595,32,9,2020-04-29
3596,0,1668,2020-04-29
3597,1,25,2020-04-30
3598,2,85,2020-04-30
3599,3,14,2020-04-30
3600,4,7,2020-04-30
3601,7,14,2020-04-30
3602,8,55,2020-04-30
3603,9,511,2020-04-30
3604,5,21,2020-04-30
3605,6,3,2020-04-30
3606,10,2,2020-04-30
3607,11,16,2020-04-30
3608,12,18,2020-04-30
3609,13,31,2020-04-30
3610,14,26,2020-04-30
3611,15,291,2020-04-30
3612,16,26,2020-04-30
3613,17,32,2020-04-30
3614,18,13,2020-04-30
3615,19,28,2020-04-30
3616,20,12,2020-04-30
3617,21,43,2020-04-30
3618,22,6,2020-04-30
3619,23,33,2020-04-30
3620,24,10,2020-04-30
3621,25,61,2020-04-30
3622,26,27,2020-04-30
3623,27,83,2020-04-30
3624,28,18,2020-04-30
3625,29,15,2020-04-30
3626,30,62,2020-04-30
3627,31,60,2020-04-30
3628,32,4,2020-04-30
3629,0,1652,2020-04-30
3630,1,4,2020-05-01
3631,2,86,2020-05-01
3632,3,2,2020-05-01
3633,4,6,2020-05-01
3634,7,18,2020-05-01
3635,8,36,2020-05-01
3636,9,316,2020-05-01
3637,5,15,2020-05-01
3638,6,1,2020-05-01
3639,10,6,2020-05-01
3640,11,14,2020-05-01
3641,12,13,2020-05-01
3642,13,25,2020-05-01
3643,14,15,2020-05-01
3644,15,257,2020-05-01
3645,16,24,2020-05-01
3646,17,26,2020-05-01
3647,18,7,2020-05-01
3648,19,26,2020-05-01
3649,20,14,2020-05-01
3650,21,32,2020-05-01
3651,22,8,2020-05-01
3652,23,30,2020-05-01
3653,24,14,2020-05-01
3654,25,54,2020-05-01
3655,26,22,2020-05-01
3656,27,50,2020-05-01
3657,28,30,2020-05-01
3658,29,9,2020-05-01
3659,30,66,2020-05-01
3660,31,26,2020-05-01
3661,32,7,2020-05-01
3662,0,1259,2020-05-01
3663,1,4,2020-05-02
3664,2,65,2020-05-02
3665,3,9,2020-05-02
3666,4,11,2020-05-02
3667,7,10,2020-05-02
3668,8,39,2020-05-02
3669,9,318,2020-05-02
3670,5,4,2020-05-02
3671,6,0,2020-05-02
3672,10,6,2020-05-02
3673,11,9,2020-05-02
3674,12,38,2020-05-02
3675,13,21,2020-05-02
3676,14,26,2020-05-02
3677,15,223,2020-05-02
3678,16,16,2020-05-02
3679,17,25,2020-05-02
3680,18,15,2020-05-02
3681,19,22,2020-05-02
3682,20,6,2020-05-02
3683,21,41,2020-05-02
3684,22,12,2020-05-02
3685,23,68,2020-05-02
3686,24,13,2020-05-02
3687,25,51,2020-05-02
3688,26,31,2020-05-02
3689,27,45,2020-05-02
3690,28,27,2020-05-02
3691,29,16,2020-05-02
3692,30,64,2020-05-02
3693,31,27,2020-05-02
3694,32,7,2020-05-02
3695,0,1269,2020-05-02
3696,1,3,2020-05-03
3697,2,85,2020-05-03
3698,3,7,2020-05-03
3699,4,12,2020-05-03
3700,7,14,2020-05-03
3701,8,24,2020-05-03
3702,9,283,2020-05-03
3703,5,5,2020-05-03
3704,6,2,2020-05-03
3705,10,7,2020-05-03
3706,11,11,2020-05-03
3707,12,26,2020-05-03
3708,13,28,2020-05-03
3709,14,16,2020-05-03
3710,15,228,2020-05-03
3711,16,27,2020-05-03
3712,17,42,2020-05-03
3713,18,15,2020-05-03
3714,19,10,2020-05-03
3715,20,14,2020-05-03
3716,21,28,2020-05-03
3717,22,4,2020-05-03
3718,23,30,2020-05-03
3719,24,11,2020-05-03
3720,25,29,2020-05-03
3721,26,26,2020-05-03
3722,27,46,2020-05-03
3723,28,24,2020-05-03
3724,29,6,2020-05-03
3725,30,58,2020-05-03
3726,31,30,2020-05-03
3727,32,2,2020-05-03
3728,0,1153,2020-05-03
3729,1,48,2020-05-04
3730,2,138,2020-05-04
3731,3,7,2020-05-04
3732,4,18,2020-05-04
3733,7,31,2020-05-04
3734,8,48,2020-05-04
3735,9,694,2020-05-04
3736,5,26,2020-05-04
3737,6,2,2020-05-04
3738,10,3,2020-05-04
3739,11,33,2020-05-04
3740,12,52,2020-05-04
3741,13,33,2020-05-04
3742,14,26,2020-05-04
3743,15,468,2020-05-04
3744,16,42,2020-05-04
3745,17,42,2020-05-04
3746,18,15,2020-05-04
3747,19,41,2020-05-04
3748,20,23,2020-05-04
3749,21,48,2020-05-04
3750,22,8,2020-05-04
3751,23,32,2020-05-04
3752,24,29,2020-05-04
3753,25,73,2020-05-04
3754,26,62,2020-05-04
3755,27,84,2020-05-04
3756,28,38,2020-05-04
3757,29,24,2020-05-04
3758,30,95,2020-05-04
3759,31,48,2020-05-04
3760,32,5,2020-05-04
3761,0,2336,2020-05-04
3762,1,11,2020-05-05
3763,2,128,2020-05-05
3764,3,12,2020-05-05
3765,4,9,2020-05-05
3766,7,27,2020-05-05
3767,8,56,2020-05-05
3768,9,568,2020-05-05
3769,5,32,2020-05-05
3770,6,5,2020-05-05
3771,10,3,2020-05-05
3772,11,22,2020-05-05
3773,12,29,2020-05-05
3774,13,28,2020-05-05
3775,14,20,2020-05-05
3776,15,323,2020-05-05
3777,16,20,2020-05-05
3778,17,38,2020-05-05
3779,18,24,2020-05-05
3780,19,63,2020-05-05
3781,20,32,2020-05-05
3782,21,29,2020-05-05
3783,22,11,2020-05-05
3784,23,22,2020-05-05
3785,24,17,2020-05-05
3786,25,49,2020-05-05
3787,26,52,2020-05-05
3788,27,73,2020-05-05
3789,28,31,2020-05-05
3790,29,16,2020-05-05
3791,30,103,2020-05-05
3792,31,44,2020-05-05
3793,32,5,2020-05-05
3794,0,1902,2020-05-05
3795,1,15,2020-05-06
3796,2,104,2020-05-06
3797,3,10,2020-05-06
3798,4,15,2020-05-06
3799,7,35,2020-05-06
3800,8,42,2020-05-06
3801,9,667,2020-05-06
3802,5,36,2020-05-06
3803,6,1,2020-05-06
3804,10,5,2020-05-06
3805,11,29,2020-05-06
3806,12,46,2020-05-06
3807,13,39,2020-05-06
3808,14,25,2020-05-06
3809,15,313,2020-05-06
3810,16,35,2020-05-06
3811,17,48,2020-05-06
3812,18,17,2020-05-06
3813,19,26,2020-05-06
3814,20,22,2020-05-06
3815,21,41,2020-05-06
3816,22,9,2020-05-06
3817,23,40,2020-05-06
3818,24,34,2020-05-06
3819,25,82,2020-05-06
3820,26,39,2020-05-06
3821,27,96,2020-05-06
3822,28,43,2020-05-06
3823,29,23,2020-05-06
3824,30,104,2020-05-06
3825,31,33,2020-05-06
3826,32,10,2020-05-06
3827,0,2084,2020-05-06
3828,1,23,2020-05-07
3829,2,111,2020-05-07
3830,3,11,2020-05-07
3831,4,11,2020-05-07
3832,7,35,2020-05-07
3833,8,30,2020-05-07
3834,9,669,2020-05-07
3835,5,24,2020-05-07
3836,6,1,2020-05-07
3837,10,11,2020-05-07
3838,11,35,2020-05-07
3839,12,36,2020-05-07
3840,13,37,2020-05-07
3841,14,49,2020-05-07
3842,15,412,2020-05-07
3843,16,29,2020-05-07
3844,17,47,2020-05-07
3845,18,15,2020-05-07
3846,19,22,2020-05-07
3847,20,23,2020-05-07
3848,21,58,2020-05-07
3849,22,13,2020-05-07
3850,23,38,2020-05-07
3851,24,13,2020-05-07
3852,25,61,2020-05-07
3853,26,38,2020-05-07
3854,27,104,2020-05-07
3855,28,40,2020-05-07
3856,29,17,2020-05-07
3857,30,117,2020-05-07
3858,31,37,2020-05-07
3859,32,9,2020-05-07
3860,0,2176,2020-05-07
3861,1,13,2020-05-08
3862,2,129,2020-05-08
3863,3,8,2020-05-08
3864,4,14,2020-05-08
3865,7,35,2020-05-08
3866,8,37,2020-05-08
3867,9,743,2020-05-08
3868,5,17,2020-05-08
3869,6,2,2020-05-08
3870,10,10,2020-05-08
3871,11,42,2020-05-08
3872,12,38,2020-05-08
3873,13,32,2020-05-08
3874,14,26,2020-05-08
3875,15,409,2020-05-08
3876,16,43,2020-05-08
3877,17,30,2020-05-08
3878,18,6,2020-05-08
3879,19,28,2020-05-08
3880,20,19,2020-05-08
3881,21,42,2020-05-08
3882,22,26,2020-05-08
3883,23,26,2020-05-08
3884,24,26,2020-05-08
3885,25,58,2020-05-08
3886,26,55,2020-05-08
3887,27,81,2020-05-08
3888,28,28,2020-05-08
3889,29,20,2020-05-08
3890,30,101,2020-05-08
3891,31,35,2020-05-08
3892,32,9,2020-05-08
3893,0,2188,2020-05-08
3894,1,0,2020-05-09
3895,2,70,2020-05-09
3896,3,6,2020-05-09
3897,4,13,2020-05-09
3898,7,22,2020-05-09
3899,8,25,2020-05-09
3900,9,355,2020-05-09
3901,5,9,2020-05-09
3902,6,3,2020-05-09
3903,10,2,2020-05-09
3904,11,26,2020-05-09
3905,12,33,2020-05-09
3906,13,23,2020-05-09
3907,14,28,2020-05-09
3908,15,222,2020-05-09
3909,16,44,2020-05-09
3910,17,20,2020-05-09
3911,18,7,2020-05-09
3912,19,28,2020-05-09
3913,20,16,2020-05-09
3914,21,43,2020-05-09
3915,22,27,2020-05-09
3916,23,18,2020-05-09
3917,24,13,2020-05-09
3918,25,49,2020-05-09
3919,26,43,2020-05-09
3920,27,53,2020-05-09
3921,28,27,2020-05-09
3922,29,20,2020-05-09
3923,30,78,2020-05-09
3924,31,17,2020-05-09
3925,32,4,2020-05-09
3926,0,1344,2020-05-09
3927,1,4,2020-05-10
3928,2,69,2020-05-10
3929,3,9,2020-05-10
3930,4,7,2020-05-10
3931,7,21,2020-05-10
3932,8,25,2020-05-10
3933,9,322,2020-05-10
3934,5,14,2020-05-10
3935,6,1,2020-05-10
3936,10,1,2020-05-10
3937,11,20,2020-05-10
3938,12,33,2020-05-10
3939,13,23,2020-05-10
3940,14,21,2020-05-10
3941,15,203,2020-05-10
3942,16,25,2020-05-10
3943,17,24,2020-05-10
3944,18,9,2020-05-10
3945,19,21,2020-05-10
3946,20,27,2020-05-10
3947,21,32,2020-05-10
3948,22,19,2020-05-10
3949,23,22,2020-05-10
3950,24,19,2020-05-10
3951,25,41,2020-05-10
3952,26,29,2020-05-10
3953,27,64,2020-05-10
3954,28,20,2020-05-10
3955,29,15,2020-05-10
3956,30,67,2020-05-10
3957,31,26,2020-05-10
3958,32,2,2020-05-10
3959,0,1235,2020-05-10
3960,1,12,2020-05-11
3961,2,125,2020-05-11
3962,3,6,2020-05-11
3963,4,24,2020-05-11
3964,7,33,2020-05-11
3965,8,54,2020-05-11
3966,9,736,2020-05-11
3967,5,26,2020-05-11
3968,6,2,2020-05-11
3969,10,6,2020-05-11
3970,11,39,2020-05-11
3971,12,45,2020-05-11
3972,13,47,2020-05-11
3973,14,49,2020-05-11
3974,15,518,2020-05-11
3975,16,69,2020-05-11
3976,17,40,2020-05-11
3977,18,20,2020-05-11
3978,19,46,2020-05-11
3979,20,51,2020-05-11
3980,21,70,2020-05-11
3981,22,49,2020-05-11
3982,23,43,2020-05-11
3983,24,31,2020-05-11
3984,25,68,2020-05-11
3985,26,62,2020-05-11
3986,27,113,2020-05-11
3987,28,34,2020-05-11
3988,29,35,2020-05-11
3989,30,139,2020-05-11
3990,31,43,2020-05-11
3991,32,9,2020-05-11
3992,0,2644,2020-05-11
3993,1,43,2020-05-12
3994,2,107,2020-05-12
3995,3,15,2020-05-12
3996,4,20,2020-05-12
3997,7,45,2020-05-12
3998,8,31,2020-05-12
3999,9,729,2020-05-12
4000,5,28,2020-05-12
4001,6,6,2020-05-12
4002,10,12,2020-05-12
4003,11,50,2020-05-12
4004,12,58,2020-05-12
4005,13,53,2020-05-12
4006,14,35,2020-05-12
4007,15,448,2020-05-12
4008,16,58,2020-05-12
4009,17,52,2020-05-12
4010,18,19,2020-05-12
4011,19,36,2020-05-12
4012,20,67,2020-05-12
4013,21,63,2020-05-12
4014,22,34,2020-05-12
4015,23,38,2020-05-12
4016,24,23,2020-05-12
4017,25,82,2020-05-12
4018,26,57,2020-05-12
4019,27,87,2020-05-12
4020,28,36,2020-05-12
4021,29,38,2020-05-12
4022,30,120,2020-05-12
4023,31,52,2020-05-12
4024,32,3,2020-05-12
4025,0,2545,2020-05-12
4026,1,13,2020-05-13
4027,2,114,2020-05-13
4028,3,6,2020-05-13
4029,4,16,2020-05-13
4030,7,67,2020-05-13
4031,8,56,2020-05-13
4032,9,786,2020-05-13
4033,5,12,2020-05-13
4034,6,4,2020-05-13
4035,10,10,2020-05-13
4036,11,43,2020-05-13
4037,12,45,2020-05-13
4038,13,44,2020-05-13
4039,14,29,2020-05-13
4040,15,471,2020-05-13
4041,16,100,2020-05-13
4042,17,46,2020-05-13
4043,18,15,2020-05-13
4044,19,67,2020-05-13
4045,20,69,2020-05-13
4046,21,82,2020-05-13
4047,22,29,2020-05-13
4048,23,28,2020-05-13
4049,24,23,2020-05-13
4050,25,77,2020-05-13
4051,26,94,2020-05-13
4052,27,115,2020-05-13
4053,28,39,2020-05-13
4054,29,38,2020-05-13
4055,30,134,2020-05-13
4056,31,59,2020-05-13
4057,32,8,2020-05-13
4058,0,2739,2020-05-13
4059,1,22,2020-05-14
4060,2,105,2020-05-14
4061,3,8,2020-05-14
4062,4,11,2020-05-14
4063,7,69,2020-05-14
4064,8,46,2020-05-14
4065,9,679,2020-05-14
4066,5,23,2020-05-14
4067,6,12,2020-05-14
4068,10,6,2020-05-14
4069,11,52,2020-05-14
4070,12,66,2020-05-14
4071,13,64,2020-05-14
4072,14,56,2020-05-14
4073,15,410,2020-05-14
4074,16,77,2020-05-14
4075,17,28,2020-05-14
4076,18,18,2020-05-14
4077,19,38,2020-05-14
4078,20,64,2020-05-14
4079,21,90,2020-05-14
4080,22,41,2020-05-14
4081,23,40,2020-05-14
4082,24,33,2020-05-14
4083,25,96,2020-05-14
4084,26,59,2020-05-14
4085,27,126,2020-05-14
4086,28,31,2020-05-14
4087,29,21,2020-05-14
4088,30,165,2020-05-14
4089,31,57,2020-05-14
4090,32,13,2020-05-14
4091,0,2626,2020-05-14
4092,1,27,2020-05-15
4093,2,117,2020-05-15
4094,3,5,2020-05-15
4095,4,14,2020-05-15
4096,7,80,2020-05-15
4097,8,39,2020-05-15
4098,9,808,2020-05-15
4099,5,18,2020-05-15
4100,6,4,2020-05-15
4101,10,13,2020-05-15
4102,11,38,2020-05-15
4103,12,57,2020-05-15
4104,13,77,2020-05-15
4105,14,62,2020-05-15
4106,15,451,2020-05-15
4107,16,102,2020-05-15
4108,17,35,2020-05-15
4109,18,17,2020-05-15
4110,19,73,2020-05-15
4111,20,72,2020-05-15
4112,21,94,2020-05-15
4113,22,50,2020-05-15
4114,23,21,2020-05-15
4115,24,29,2020-05-15
4116,25,93,2020-05-15
4117,26,92,2020-05-15
4118,27,144,2020-05-15
4119,28,57,2020-05-15
4120,29,35,2020-05-15
4121,30,182,2020-05-15
4122,31,38,2020-05-15
4123,32,8,2020-05-15
4124,0,2952,2020-05-15
4125,1,3,2020-05-16
4126,2,60,2020-05-16
4127,3,11,2020-05-16
4128,4,14,2020-05-16
4129,7,39,2020-05-16
4130,8,36,2020-05-16
4131,9,467,2020-05-16
4132,5,7,2020-05-16
4133,6,3,2020-05-16
4134,10,1,2020-05-16
4135,11,32,2020-05-16
4136,12,49,2020-05-16
4137,13,51,2020-05-16
4138,14,16,2020-05-16
4139,15,245,2020-05-16
4140,16,44,2020-05-16
4141,17,11,2020-05-16
4142,18,3,2020-05-16
4143,19,28,2020-05-16
4144,20,63,2020-05-16
4145,21,68,2020-05-16
4146,22,27,2020-05-16
4147,23,19,2020-05-16
4148,24,25,2020-05-16
4149,25,62,2020-05-16
4150,26,50,2020-05-16
4151,27,86,2020-05-16
4152,28,48,2020-05-16
4153,29,29,2020-05-16
4154,30,126,2020-05-16
4155,31,31,2020-05-16
4156,32,2,2020-05-16
4157,0,1756,2020-05-16
4158,1,7,2020-05-17
4159,2,63,2020-05-17
4160,3,3,2020-05-17
4161,4,16,2020-05-17
4162,7,35,2020-05-17
4163,8,24,2020-05-17
4164,9,324,2020-05-17
4165,5,13,2020-05-17
4166,6,5,2020-05-17
4167,10,8,2020-05-17
4168,11,18,2020-05-17
4169,12,40,2020-05-17
4170,13,25,2020-05-17
4171,14,30,2020-05-17
4172,15,248,2020-05-17
4173,16,26,2020-05-17
4174,17,16,2020-05-17
4175,18,6,2020-05-17
4176,19,8,2020-05-17
4177,20,15,2020-05-17
4178,21,64,2020-05-17
4179,22,19,2020-05-17
4180,23,12,2020-05-17
4181,24,15,2020-05-17
4182,25,59,2020-05-17
4183,26,59,2020-05-17
4184,27,79,2020-05-17
4185,28,16,2020-05-17
4186,29,24,2020-05-17
4187,30,83,2020-05-17
4188,31,49,2020-05-17
4189,32,3,2020-05-17
4190,0,1412,2020-05-17
4191,1,35,2020-05-18
4192,2,165,2020-05-18
4193,3,11,2020-05-18
4194,4,16,2020-05-18
4195,7,90,2020-05-18
4196,8,50,2020-05-18
4197,9,897,2020-05-18
4198,5,37,2020-05-18
4199,6,7,2020-05-18
4200,10,8,2020-05-18
4201,11,55,2020-05-18
4202,12,123,2020-05-18
4203,13,79,2020-05-18
4204,14,53,2020-05-18
4205,15,526,2020-05-18
4206,16,66,2020-05-18
4207,17,37,2020-05-18
4208,18,18,2020-05-18
4209,19,42,2020-05-18
4210,20,118,2020-05-18
4211,21,118,2020-05-18
4212,22,49,2020-05-18
4213,23,45,2020-05-18
4214,24,34,2020-05-18
4215,25,136,2020-05-18
4216,26,130,2020-05-18
4217,27,119,2020-05-18
4218,28,51,2020-05-18
4219,29,41,2020-05-18
4220,30,151,2020-05-18
4221,31,54,2020-05-18
4222,32,5,2020-05-18
4223,0,3366,2020-05-18
4224,1,19,2020-05-19
4225,2,128,2020-05-19
4226,3,14,2020-05-19
4227,4,21,2020-05-19
4228,7,64,2020-05-19
4229,8,37,2020-05-19
4230,9,886,2020-05-19
4231,5,36,2020-05-19
4232,6,7,2020-05-19
4233,10,7,2020-05-19
4234,11,68,2020-05-19
4235,12,106,2020-05-19
4236,13,69,2020-05-19
4237,14,71,2020-05-19
4238,15,420,2020-05-19
4239,16,66,2020-05-19
4240,17,44,2020-05-19
4241,18,23,2020-05-19
4242,19,38,2020-05-19
4243,20,66,2020-05-19
4244,21,121,2020-05-19
4245,22,58,2020-05-19
4246,23,35,2020-05-19
4247,24,24,2020-05-19
4248,25,101,2020-05-19
4249,26,90,2020-05-19
4250,27,107,2020-05-19
4251,28,38,2020-05-19
4252,29,49,2020-05-19
4253,30,141,2020-05-19
4254,31,52,2020-05-19
4255,32,0,2020-05-19
4256,0,3006,2020-05-19
4257,1,26,2020-05-20
4258,2,138,2020-05-20
4259,3,16,2020-05-20
4260,4,24,2020-05-20
4261,7,75,2020-05-20
4262,8,35,2020-05-20
4263,9,884,2020-05-20
4264,5,36,2020-05-20
4265,6,8,2020-05-20
4266,10,17,2020-05-20
4267,11,57,2020-05-20
4268,12,140,2020-05-20
4269,13,73,2020-05-20
4270,14,57,2020-05-20
4271,15,452,2020-05-20
4272,16,98,2020-05-20
4273,17,34,2020-05-20
4274,18,17,2020-05-20
4275,19,62,2020-05-20
4276,20,68,2020-05-20
4277,21,115,2020-05-20
4278,22,44,2020-05-20
4279,23,43,2020-05-20
4280,24,38,2020-05-20
4281,25,115,2020-05-20
4282,26,90,2020-05-20
4283,27,157,2020-05-20
4284,28,58,2020-05-20
4285,29,39,2020-05-20
4286,30,166,2020-05-20
4287,31,58,2020-05-20
4288,32,15,2020-05-20
4289,0,3255,2020-05-20
4290,1,30,2020-05-21
4291,2,137,2020-05-21
4292,3,7,2020-05-21
4293,4,16,2020-05-21
4294,7,103,2020-05-21
4295,8,29,2020-05-21
4296,9,848,2020-05-21
4297,5,48,2020-05-21
4298,6,3,2020-05-21
4299,10,19,2020-05-21
4300,11,61,2020-05-21
4301,12,130,2020-05-21
4302,13,92,2020-05-21
4303,14,60,2020-05-21
4304,15,505,2020-05-21
4305,16,78,2020-05-21
4306,17,42,2020-05-21
4307,18,19,2020-05-21
4308,19,35,2020-05-21
4309,20,93,2020-05-21
4310,21,126,2020-05-21
4311,22,32,2020-05-21
4312,23,39,2020-05-21
4313,24,37,2020-05-21
4314,25,114,2020-05-21
4315,26,89,2020-05-21
4316,27,138,2020-05-21
4317,28,59,2020-05-21
4318,29,48,2020-05-21
4319,30,154,2020-05-21
4320,31,68,2020-05-21
4321,32,6,2020-05-21
4322,0,3265,2020-05-21
4323,1,23,2020-05-22
4324,2,158,2020-05-22
4325,3,14,2020-05-22
4326,4,24,2020-05-22
4327,7,99,2020-05-22
4328,8,43,2020-05-22
4329,9,744,2020-05-22
4330,5,38,2020-05-22
4331,6,7,2020-05-22
4332,10,21,2020-05-22
4333,11,52,2020-05-22
4334,12,115,2020-05-22
4335,13,74,2020-05-22
4336,14,69,2020-05-22
4337,15,505,2020-05-22
4338,16,96,2020-05-22
4339,17,40,2020-05-22
4340,18,26,2020-05-22
4341,19,45,2020-05-22
4342,20,75,2020-05-22
4343,21,144,2020-05-22
4344,22,34,2020-05-22
4345,23,44,2020-05-22
4346,24,54,2020-05-22
4347,25,137,2020-05-22
4348,26,103,2020-05-22
4349,27,134,2020-05-22
4350,28,37,2020-05-22
4351,29,43,2020-05-22
4352,30,148,2020-05-22
4353,31,57,2020-05-22
4354,32,9,2020-05-22
4355,0,3212,2020-05-22
4356,1,17,2020-05-23
4357,2,56,2020-05-23
4358,3,6,2020-05-23
4359,4,16,2020-05-23
4360,7,51,2020-05-23
4361,8,18,2020-05-23
4362,9,356,2020-05-23
4363,5,27,2020-05-23
4364,6,4,2020-05-23
4365,10,3,2020-05-23
4366,11,50,2020-05-23
4367,12,62,2020-05-23
4368,13,44,2020-05-23
4369,14,38,2020-05-23
4370,15,191,2020-05-23
4371,16,19,2020-05-23
4372,17,16,2020-05-23
4373,18,12,2020-05-23
4374,19,28,2020-05-23
4375,20,80,2020-05-23
4376,21,108,2020-05-23
4377,22,19,2020-05-23
4378,23,38,2020-05-23
4379,24,20,2020-05-23
4380,25,53,2020-05-23
4381,26,79,2020-05-23
4382,27,92,2020-05-23
4383,28,24,2020-05-23
4384,29,29,2020-05-23
4385,30,69,2020-05-23
4386,31,33,2020-05-23
4387,32,9,2020-05-23
4388,0,1667,2020-05-23
4389,1,8,2020-05-24
4390,2,58,2020-05-24
4391,3,9,2020-05-24
4392,4,14,2020-05-24
4393,7,47,2020-05-24
4394,8,21,2020-05-24
4395,9,267,2020-05-24
4396,5,12,2020-05-24
4397,6,6,2020-05-24
4398,10,12,2020-05-24
4399,11,20,2020-05-24
4400,12,59,2020-05-24
4401,13,40,2020-05-24
4402,14,31,2020-05-24
4403,15,234,2020-05-24
4404,16,31,2020-05-24
4405,17,12,2020-05-24
4406,18,8,2020-05-24
4407,19,24,2020-05-24
4408,20,20,2020-05-24
4409,21,62,2020-05-24
4410,22,10,2020-05-24
4411,23,24,2020-05-24
4412,24,20,2020-05-24
4413,25,70,2020-05-24
4414,26,65,2020-05-24
4415,27,73,2020-05-24
4416,28,29,2020-05-24
4417,29,15,2020-05-24
4418,30,63,2020-05-24
4419,31,29,2020-05-24
4420,32,6,2020-05-24
4421,0,1399,2020-05-24
4422,1,38,2020-05-25
4423,2,98,2020-05-25
4424,3,14,2020-05-25
4425,4,30,2020-05-25
4426,7,140,2020-05-25
4427,8,33,2020-05-25
4428,9,839,2020-05-25
4429,5,26,2020-05-25
4430,6,6,2020-05-25
4431,10,21,2020-05-25
4432,11,111,2020-05-25
4433,12,86,2020-05-25
4434,13,69,2020-05-25
4435,14,81,2020-05-25
4436,15,522,2020-05-25
4437,16,110,2020-05-25
4438,17,38,2020-05-25
4439,18,20,2020-05-25
4440,19,56,2020-05-25
4441,20,28,2020-05-25
4442,21,138,2020-05-25
4443,22,39,2020-05-25
4444,23,48,2020-05-25
4445,24,45,2020-05-25
4446,25,148,2020-05-25
4447,26,140,2020-05-25
4448,27,167,2020-05-25
4449,28,77,2020-05-25
4450,29,59,2020-05-25
4451,30,136,2020-05-25
4452,31,48,2020-05-25
4453,32,10,2020-05-25
4454,0,3421,2020-05-25
4455,1,36,2020-05-26
4456,2,98,2020-05-26
4457,3,8,2020-05-26
4458,4,32,2020-05-26
4459,7,122,2020-05-26
4460,8,25,2020-05-26
4461,9,697,2020-05-26
4462,5,38,2020-05-26
4463,6,7,2020-05-26
4464,10,17,2020-05-26
4465,11,90,2020-05-26
4466,12,44,2020-05-26
4467,13,55,2020-05-26
4468,14,111,2020-05-26
4469,15,340,2020-05-26
4470,16,92,2020-05-26
4471,17,43,2020-05-26
4472,18,30,2020-05-26
4473,19,92,2020-05-26
4474,20,22,2020-05-26
4475,21,102,2020-05-26
4476,22,21,2020-05-26
4477,23,32,2020-05-26
4478,24,28,2020-05-26
4479,25,149,2020-05-26
4480,26,110,2020-05-26
4481,27,186,2020-05-26
4482,28,81,2020-05-26
4483,29,31,2020-05-26
4484,30,127,2020-05-26
4485,31,49,2020-05-26
4486,32,10,2020-05-26
4487,0,2925,2020-05-26
4488,1,28,2020-05-27
4489,2,73,2020-05-27
4490,3,16,2020-05-27
4491,4,25,2020-05-27
4492,7,104,2020-05-27
4493,8,11,2020-05-27
4494,9,739,2020-05-27
4495,5,20,2020-05-27
4496,6,4,2020-05-27
4497,10,25,2020-05-27
4498,11,96,2020-05-27
4499,12,9,2020-05-27
4500,13,46,2020-05-27
4501,14,124,2020-05-27
4502,15,195,2020-05-27
4503,16,67,2020-05-27
4504,17,24,2020-05-27
4505,18,31,2020-05-27
4506,19,21,2020-05-27
4507,20,43,2020-05-27
4508,21,147,2020-05-27
4509,22,20,2020-05-27
4510,23,42,2020-05-27
4511,24,49,2020-05-27
4512,25,156,2020-05-27
4513,26,25,2020-05-27
4514,27,210,2020-05-27
4515,28,50,2020-05-27
4516,29,25,2020-05-27
4517,30,85,2020-05-27
4518,31,55,2020-05-27
4519,32,4,2020-05-27
4520,0,2569,2020-05-27
4521,1,31,2020-05-28
4522,2,58,2020-05-28
4523,3,14,2020-05-28
4524,4,21,2020-05-28
4525,7,96,2020-05-28
4526,8,1,2020-05-28
4527,9,523,2020-05-28
4528,5,9,2020-05-28
4529,6,4,2020-05-28
4530,10,17,2020-05-28
4531,11,116,2020-05-28
4532,12,4,2020-05-28
4533,13,54,2020-05-28
4534,14,82,2020-05-28
4535,15,151,2020-05-28
4536,16,39,2020-05-28
4537,17,35,2020-05-28
4538,18,29,2020-05-28
4539,19,16,2020-05-28
4540,20,55,2020-05-28
4541,21,111,2020-05-28
4542,22,21,2020-05-28
4543,23,41,2020-05-28
4544,24,33,2020-05-28
4545,25,69,2020-05-28
4546,26,4,2020-05-28
4547,27,184,2020-05-28
4548,28,26,2020-05-28
4549,29,32,2020-05-28
4550,30,66,2020-05-28
4551,31,59,2020-05-28
4552,32,2,2020-05-28
4553,0,2003,2020-05-28
4554,1,8,2020-05-29
4555,2,32,2020-05-29
4556,3,16,2020-05-29
4557,4,14,2020-05-29
4558,7,72,2020-05-29
4559,8,1,2020-05-29
4560,9,391,2020-05-29
4561,5,1,2020-05-29
4562,6,5,2020-05-29
4563,10,26,2020-05-29
4564,11,56,2020-05-29
4565,12,0,2020-05-29
4566,13,43,2020-05-29
4567,14,45,2020-05-29
4568,15,68,2020-05-29
4569,16,5,2020-05-29
4570,17,11,2020-05-29
4571,18,23,2020-05-29
4572,19,7,2020-05-29
4573,20,35,2020-05-29
4574,21,82,2020-05-29
4575,22,24,2020-05-29
4576,23,34,2020-05-29
4577,24,39,2020-05-29
4578,25,17,2020-05-29
4579,26,0,2020-05-29
4580,27,89,2020-05-29
4581,28,6,2020-05-29
4582,29,16,2020-05-29
4583,30,31,2020-05-29
4584,31,32,2020-05-29
4585,32,13,2020-05-29
4586,0,1242,2020-05-29
4587,1,1,2020-05-30
4588,2,0,2020-05-30
4589,3,10,2020-05-30
4590,4,4,2020-05-30
4591,7,21,2020-05-30
4592,8,0,2020-05-30
4593,9,64,2020-05-30
4594,5,0,2020-05-30
4595,6,1,2020-05-30
4596,10,19,2020-05-30
4597,11,3,2020-05-30
4598,12,1,2020-05-30
4599,13,25,2020-05-30
4600,14,5,2020-05-30
4601,15,13,2020-05-30
4602,16,0,2020-05-30
4603,17,0,2020-05-30
4604,18,15,2020-05-30
4605,19,11,2020-05-30
4606,20,9,2020-05-30
4607,21,18,2020-05-30
4608,22,12,2020-05-30
4609,23,8,2020-05-30
4610,24,11,2020-05-30
4611,25,1,2020-05-30
4612,26,0,2020-05-30
4613,27,0,2020-05-30
4614,28,0,2020-05-30
4615,29,4,2020-05-30
4616,30,10,2020-05-30
4617,31,10,2020-05-30
4618,32,6,2020-05-30
4619,0,282,2020-05-30
4620,1,0,2020-05-31
4621,2,0,2020-05-31
4622,3,1,2020-05-31
4623,4,0,2020-05-31
4624,7,0,2020-05-31
4625,8,0,2020-05-31
4626,9,5,2020-05-31
4627,5,0,2020-05-31
4628,6,0,2020-05-31
4629,10,1,2020-05-31
4630,11,0,2020-05-31
4631,12,0,2020-05-31
4632,13,7,2020-05-31
4633,14,0,2020-05-31
4634,15,1,2020-05-31
4635,16,0,2020-05-31
4636,17,0,2020-05-31
4637,18,0,2020-05-31
4638,19,4,2020-05-31
4639,20,1,2020-05-31
4640,21,0,2020-05-31
4641,22,0,2020-05-31
4642,23,0,2020-05-31
4643,24,0,2020-05-31
4644,25,0,2020-05-31
4645,26,0,2020-05-31
4646,27,1,2020-05-31
4647,28,0,2020-05-31
4648,29,1,2020-05-31
4649,30,0,2020-05-31
4650,31,2,2020-05-31
4651,32,0,2020-05-31
4652,0,24,2020-05-31
4653,1,0,2020-06-01
4654,2,1,2020-06-01
4655,3,0,2020-06-01
4656,4,0,2020-06-01
4657,7,0,2020-06-01
4658,8,0,2020-06-01
4659,9,4,2020-06-01
4660,5,0,2020-06-01
4661,6,0,2020-06-01
4662,10,0,2020-06-01
4663,11,0,2020-06-01
4664,12,0,2020-06-01
4665,13,0,2020-06-01
4666,14,1,2020-06-01
4667,15,2,2020-06-01
4668,16,1,2020-06-01
4669,17,0,2020-06-01
4670,18,0,2020-06-01
4671,19,1,2020-06-01
4672,20,0,2020-06-01
4673,21,0,2020-06-01
4674,22,0,2020-06-01
4675,23,0,2020-06-01
4676,24,0,2020-06-01
4677,25,0,2020-06-01
4678,26,0,2020-06-01
4679,27,0,2020-06-01
4680,28,0,2020-06-01
4681,29,0,2020-06-01
4682,30,0,2020-06-01
4683,31,0,2020-06-01
4684,32,0,2020-06-01
4685,0,10,2020-06-01
